candidate_id,candidate_source,date,decision_timestamp,diagnostic_outcome_group,diagnostic_outcome_mapping_reason,direction,direction_confidence,direction_rule_version,direction_source,entry_price,exclude_reason,hour,pre_entry_only,sample_id,sample_source,session,symbol,used_post_entry_data_for_direction,visual_html_path
sample_003,SWEPT_LIQUIDITY_LEVEL,2026-01-30,2026-01-30T01:00:00+00:00,EXCLUDED,UNSUPPORTED_OUTCOME_LABEL:UNKNOWN_DIRECTION,UNKNOWN_DIRECTION,0,adelin_v2_pre_decision_sweep_v1,,5426.08,UNSUPPORTED_OUTCOME_LABEL:UNKNOWN_DIRECTION|UNKNOWN_DIRECTION|UNKNOWN_DIRECTION_CONFIDENCE,1,True,sample_003,EXISTING_EXPANDED_OBJECTIVE_REPLAY,ASIA_OPEN,XAUUSD,False,examples/sample_003.html
sample_005,SWEEP_EXTREME,2026-02-02,2026-02-02T01:15:00+00:00,EXCLUDED,UNSUPPORTED_OUTCOME_LABEL:UNKNOWN_ENTRY_LEVEL,LONG,3,adelin_v2_pre_decision_sweep_v1,M5,,UNSUPPORTED_OUTCOME_LABEL:UNKNOWN_ENTRY_LEVEL|MISSING_ENTRY_PRICE,1,True,sample_005,EXISTING_EXPANDED_OBJECTIVE_REPLAY,ASIA_OPEN,XAUUSD,False,examples/sample_005.html
sample_006,SWEPT_LIQUIDITY_LEVEL,2026-02-04,2026-02-04T01:00:00+00:00,EXCLUDED,UNSUPPORTED_OUTCOME_LABEL:UNKNOWN_DIRECTION,UNKNOWN_DIRECTION,0,adelin_v2_pre_decision_sweep_v1,,4969.81,UNSUPPORTED_OUTCOME_LABEL:UNKNOWN_DIRECTION|UNKNOWN_DIRECTION|UNKNOWN_DIRECTION_CONFIDENCE,1,True,sample_006,EXISTING_EXPANDED_OBJECTIVE_REPLAY,ASIA_OPEN,XAUUSD,False,examples/sample_006.html
sample_007,UNKNOWN,2026-02-03,2026-02-03T01:00:00+00:00,EXCLUDED,UNSUPPORTED_OUTCOME_LABEL:UNKNOWN_ENTRY_LEVEL,UNKNOWN_DIRECTION,0,adelin_v2_pre_decision_sweep_v1,,,UNSUPPORTED_OUTCOME_LABEL:UNKNOWN_ENTRY_LEVEL|UNKNOWN_DIRECTION|UNKNOWN_DIRECTION_CONFIDENCE|MISSING_ENTRY_PRICE,1,True,sample_007,EXISTING_EXPANDED_OBJECTIVE_REPLAY,ASIA_OPEN,XAUUSD,False,examples/sample_007.html
sample_010,SWEPT_LIQUIDITY_LEVEL,2026-03-03,2026-03-03T01:00:00+00:00,EXCLUDED,UNSUPPORTED_OUTCOME_LABEL:UNKNOWN_DIRECTION,UNKNOWN_DIRECTION,0,adelin_v2_pre_decision_sweep_v1,,5346.37,UNSUPPORTED_OUTCOME_LABEL:UNKNOWN_DIRECTION|UNKNOWN_DIRECTION|UNKNOWN_DIRECTION_CONFIDENCE,1,True,sample_010,EXISTING_EXPANDED_OBJECTIVE_REPLAY,ASIA_OPEN,XAUUSD,False,examples/sample_010.html
sample_011,UNKNOWN,2026-03-04,2026-03-04T01:00:00+00:00,EXCLUDED,UNSUPPORTED_OUTCOME_LABEL:UNKNOWN_DIRECTION,UNKNOWN_DIRECTION,0,adelin_v2_pre_decision_sweep_v1,,5110.0,UNSUPPORTED_OUTCOME_LABEL:UNKNOWN_DIRECTION|UNKNOWN_DIRECTION|UNKNOWN_DIRECTION_CONFIDENCE,1,True,sample_011,EXISTING_EXPANDED_OBJECTIVE_REPLAY,ASIA_OPEN,XAUUSD,False,examples/sample_011.html
sample_014,SWEPT_LIQUIDITY_LEVEL,2026-04-14,2026-04-14T01:00:00+00:00,EXCLUDED,UNSUPPORTED_OUTCOME_LABEL:UNKNOWN_DIRECTION,UNKNOWN_DIRECTION,0,adelin_v2_pre_decision_sweep_v1,,4750.12,UNSUPPORTED_OUTCOME_LABEL:UNKNOWN_DIRECTION|UNKNOWN_DIRECTION|UNKNOWN_DIRECTION_CONFIDENCE,1,True,sample_014,EXISTING_EXPANDED_OBJECTIVE_REPLAY,ASIA,XAUUSD,False,examples/sample_014.html
sample_015,UNKNOWN,2026-04-09,2026-04-09T01:00:00+00:00,EXCLUDED,UNSUPPORTED_OUTCOME_LABEL:UNKNOWN_ENTRY_LEVEL,UNKNOWN_DIRECTION,0,adelin_v2_pre_decision_sweep_v1,,,UNSUPPORTED_OUTCOME_LABEL:UNKNOWN_ENTRY_LEVEL|UNKNOWN_DIRECTION|UNKNOWN_DIRECTION_CONFIDENCE|MISSING_ENTRY_PRICE,1,True,sample_015,EXISTING_EXPANDED_OBJECTIVE_REPLAY,ASIA,XAUUSD,False,examples/sample_015.html
sample_017,SWEEP_EXTREME,2026-05-01,2026-05-01T07:00:00+00:00,EXCLUDED,UNSUPPORTED_OUTCOME_LABEL:UNKNOWN_ENTRY_LEVEL,LONG,2,adelin_v2_pre_decision_sweep_v1,M5,,UNSUPPORTED_OUTCOME_LABEL:UNKNOWN_ENTRY_LEVEL|MISSING_ENTRY_PRICE,7,True,sample_017,EXISTING_EXPANDED_OBJECTIVE_REPLAY,LONDON_OPEN,XAUUSD,False,examples/sample_017.html
sample_018,SWEPT_LIQUIDITY_LEVEL,2026-05-07,2026-05-07T01:00:00+00:00,EXCLUDED,UNSUPPORTED_OUTCOME_LABEL:UNKNOWN_DIRECTION,UNKNOWN_DIRECTION,0,adelin_v2_pre_decision_sweep_v1,,4678.94,UNSUPPORTED_OUTCOME_LABEL:UNKNOWN_DIRECTION|UNKNOWN_DIRECTION|UNKNOWN_DIRECTION_CONFIDENCE,1,True,sample_018,EXISTING_EXPANDED_OBJECTIVE_REPLAY,ASIA,XAUUSD,False,examples/sample_018.html
sample_019,UNKNOWN,2026-05-12,2026-05-12T01:00:00+00:00,EXCLUDED,UNSUPPORTED_OUTCOME_LABEL:UNKNOWN_DIRECTION,UNKNOWN_DIRECTION,0,adelin_v2_pre_decision_sweep_v1,,4740.0,UNSUPPORTED_OUTCOME_LABEL:UNKNOWN_DIRECTION|UNKNOWN_DIRECTION|UNKNOWN_DIRECTION_CONFIDENCE,1,True,sample_019,EXISTING_EXPANDED_OBJECTIVE_REPLAY,ASIA,XAUUSD,False,examples/sample_019.html
sample_023,SWEEP_EXTREME,2026-02-02,2026-02-02T16:15:00+00:00,EXCLUDED,UNSUPPORTED_OUTCOME_LABEL:UNKNOWN_ENTRY_LEVEL,SHORT,3,adelin_v2_pre_decision_sweep_v1,M5,,UNSUPPORTED_OUTCOME_LABEL:UNKNOWN_ENTRY_LEVEL|MISSING_ENTRY_PRICE,16,True,sample_023,EXISTING_EXPANDED_OBJECTIVE_REPLAY,NEW_YORK,XAUUSD,False,examples/sample_023.html
sample_024,SWEPT_LIQUIDITY_LEVEL,2026-02-06,2026-02-06T01:00:00+00:00,EXCLUDED,UNSUPPORTED_OUTCOME_LABEL:UNKNOWN_DIRECTION,UNKNOWN_DIRECTION,0,adelin_v2_pre_decision_sweep_v1,,4759.71,UNSUPPORTED_OUTCOME_LABEL:UNKNOWN_DIRECTION|UNKNOWN_DIRECTION|UNKNOWN_DIRECTION_CONFIDENCE,1,True,sample_024,EXISTING_EXPANDED_OBJECTIVE_REPLAY,ASIA_OPEN,XAUUSD,False,examples/sample_024.html
sample_025,UNKNOWN,2026-02-10,2026-02-10T01:00:00+00:00,EXCLUDED,UNSUPPORTED_OUTCOME_LABEL:UNKNOWN_ENTRY_LEVEL,UNKNOWN_DIRECTION,0,adelin_v2_pre_decision_sweep_v1,,,UNSUPPORTED_OUTCOME_LABEL:UNKNOWN_ENTRY_LEVEL|UNKNOWN_DIRECTION|UNKNOWN_DIRECTION_CONFIDENCE|MISSING_ENTRY_PRICE,1,True,sample_025,EXISTING_EXPANDED_OBJECTIVE_REPLAY,ASIA_OPEN,XAUUSD,False,examples/sample_025.html
sample_028,SWEPT_LIQUIDITY_LEVEL,2026-03-05,2026-03-05T01:00:00+00:00,EXCLUDED,UNSUPPORTED_OUTCOME_LABEL:UNKNOWN_DIRECTION,UNKNOWN_DIRECTION,0,adelin_v2_pre_decision_sweep_v1,,5153.08,UNSUPPORTED_OUTCOME_LABEL:UNKNOWN_DIRECTION|UNKNOWN_DIRECTION|UNKNOWN_DIRECTION_CONFIDENCE,1,True,sample_028,EXISTING_EXPANDED_OBJECTIVE_REPLAY,ASIA_OPEN,XAUUSD,False,examples/sample_028.html
sample_029,UNKNOWN,2026-03-06,2026-03-06T01:00:00+00:00,EXCLUDED,UNSUPPORTED_OUTCOME_LABEL:UNKNOWN_ENTRY_LEVEL,UNKNOWN_DIRECTION,0,adelin_v2_pre_decision_sweep_v1,,,UNSUPPORTED_OUTCOME_LABEL:UNKNOWN_ENTRY_LEVEL|UNKNOWN_DIRECTION|UNKNOWN_DIRECTION_CONFIDENCE|MISSING_ENTRY_PRICE,1,True,sample_029,EXISTING_EXPANDED_OBJECTIVE_REPLAY,ASIA_OPEN,XAUUSD,False,examples/sample_029.html
sample_032,SWEPT_LIQUIDITY_LEVEL,2026-04-15,2026-04-15T01:00:00+00:00,EXCLUDED,UNSUPPORTED_OUTCOME_LABEL:UNKNOWN_DIRECTION,UNKNOWN_DIRECTION,0,adelin_v2_pre_decision_sweep_v1,,4846.31,UNSUPPORTED_OUTCOME_LABEL:UNKNOWN_DIRECTION|UNKNOWN_DIRECTION|UNKNOWN_DIRECTION_CONFIDENCE,1,True,sample_032,EXISTING_EXPANDED_OBJECTIVE_REPLAY,ASIA,XAUUSD,False,examples/sample_032.html
sample_033,UNKNOWN,2026-04-13,2026-04-13T01:00:00+00:00,EXCLUDED,UNSUPPORTED_OUTCOME_LABEL:UNKNOWN_ENTRY_LEVEL,UNKNOWN_DIRECTION,0,adelin_v2_pre_decision_sweep_v1,,,UNSUPPORTED_OUTCOME_LABEL:UNKNOWN_ENTRY_LEVEL|UNKNOWN_DIRECTION|UNKNOWN_DIRECTION_CONFIDENCE|MISSING_ENTRY_PRICE,1,True,sample_033,EXISTING_EXPANDED_OBJECTIVE_REPLAY,ASIA,XAUUSD,False,examples/sample_033.html
sample_035,SWEEP_EXTREME,2026-05-01,2026-05-01T17:15:00+00:00,EXCLUDED,UNSUPPORTED_OUTCOME_LABEL:UNKNOWN_ENTRY_LEVEL,SHORT,2,adelin_v2_pre_decision_sweep_v1,M5,,UNSUPPORTED_OUTCOME_LABEL:UNKNOWN_ENTRY_LEVEL|MISSING_ENTRY_PRICE,17,True,sample_035,EXISTING_EXPANDED_OBJECTIVE_REPLAY,OTHER,XAUUSD,False,examples/sample_035.html
sample_036,SWEPT_LIQUIDITY_LEVEL,2026-05-08,2026-05-08T01:00:00+00:00,EXCLUDED,UNSUPPORTED_OUTCOME_LABEL:UNKNOWN_DIRECTION,UNKNOWN_DIRECTION,0,adelin_v2_pre_decision_sweep_v1,,4687.61,UNSUPPORTED_OUTCOME_LABEL:UNKNOWN_DIRECTION|UNKNOWN_DIRECTION|UNKNOWN_DIRECTION_CONFIDENCE,1,True,sample_036,EXISTING_EXPANDED_OBJECTIVE_REPLAY,ASIA,XAUUSD,False,examples/sample_036.html
sample_040,SWEEP_EXTREME,2026-02-03,2026-02-03T10:30:00+00:00,EXCLUDED,UNSUPPORTED_OUTCOME_LABEL:UNKNOWN_ENTRY_LEVEL,LONG,3,adelin_v2_pre_decision_sweep_v1,M5,,UNSUPPORTED_OUTCOME_LABEL:UNKNOWN_ENTRY_LEVEL|MISSING_ENTRY_PRICE,10,True,sample_040,EXISTING_EXPANDED_OBJECTIVE_REPLAY,LONDON,XAUUSD,False,examples/sample_040.html
sample_041,SWEPT_LIQUIDITY_LEVEL,2026-02-12,2026-02-12T01:00:00+00:00,EXCLUDED,UNSUPPORTED_OUTCOME_LABEL:UNKNOWN_DIRECTION,UNKNOWN_DIRECTION,0,adelin_v2_pre_decision_sweep_v1,,5099.09,UNSUPPORTED_OUTCOME_LABEL:UNKNOWN_DIRECTION|UNKNOWN_DIRECTION|UNKNOWN_DIRECTION_CONFIDENCE,1,True,sample_041,EXISTING_EXPANDED_OBJECTIVE_REPLAY,ASIA_OPEN,XAUUSD,False,examples/sample_041.html
sample_042,UNKNOWN,2026-02-11,2026-02-11T01:00:00+00:00,EXCLUDED,UNSUPPORTED_OUTCOME_LABEL:UNKNOWN_ENTRY_LEVEL,UNKNOWN_DIRECTION,0,adelin_v2_pre_decision_sweep_v1,,,UNSUPPORTED_OUTCOME_LABEL:UNKNOWN_ENTRY_LEVEL|UNKNOWN_DIRECTION|UNKNOWN_DIRECTION_CONFIDENCE|MISSING_ENTRY_PRICE,1,True,sample_042,EXISTING_EXPANDED_OBJECTIVE_REPLAY,ASIA_OPEN,XAUUSD,False,examples/sample_042.html
sample_045,SWEPT_LIQUIDITY_LEVEL,2026-03-10,2026-03-10T01:00:00+00:00,EXCLUDED,UNSUPPORTED_OUTCOME_LABEL:UNKNOWN_DIRECTION,UNKNOWN_DIRECTION,0,adelin_v2_pre_decision_sweep_v1,,5148.16,UNSUPPORTED_OUTCOME_LABEL:UNKNOWN_DIRECTION|UNKNOWN_DIRECTION|UNKNOWN_DIRECTION_CONFIDENCE,1,True,sample_045,EXISTING_EXPANDED_OBJECTIVE_REPLAY,ASIA_OPEN,XAUUSD,False,examples/sample_045.html
sample_046,UNKNOWN,2026-03-09,2026-03-09T01:00:00+00:00,EXCLUDED,UNSUPPORTED_OUTCOME_LABEL:UNKNOWN_ENTRY_LEVEL,UNKNOWN_DIRECTION,0,adelin_v2_pre_decision_sweep_v1,,,UNSUPPORTED_OUTCOME_LABEL:UNKNOWN_ENTRY_LEVEL|UNKNOWN_DIRECTION|UNKNOWN_DIRECTION_CONFIDENCE|MISSING_ENTRY_PRICE,1,True,sample_046,EXISTING_EXPANDED_OBJECTIVE_REPLAY,ASIA_OPEN,XAUUSD,False,examples/sample_046.html
sample_048,SWEEP_EXTREME,2026-04-01,2026-04-01T17:00:00+00:00,EXCLUDED,UNSUPPORTED_OUTCOME_LABEL:UNKNOWN_ENTRY_LEVEL,LONG,3,adelin_v2_pre_decision_sweep_v1,M5,,UNSUPPORTED_OUTCOME_LABEL:UNKNOWN_ENTRY_LEVEL|MISSING_ENTRY_PRICE,17,True,sample_048,EXISTING_EXPANDED_OBJECTIVE_REPLAY,OTHER,XAUUSD,False,examples/sample_048.html
sample_049,UNKNOWN,2026-04-16,2026-04-16T01:00:00+00:00,EXCLUDED,UNSUPPORTED_OUTCOME_LABEL:UNKNOWN_ENTRY_LEVEL,UNKNOWN_DIRECTION,0,adelin_v2_pre_decision_sweep_v1,,,UNSUPPORTED_OUTCOME_LABEL:UNKNOWN_ENTRY_LEVEL|UNKNOWN_DIRECTION|UNKNOWN_DIRECTION_CONFIDENCE|MISSING_ENTRY_PRICE,1,True,sample_049,EXISTING_EXPANDED_OBJECTIVE_REPLAY,ASIA,XAUUSD,False,examples/sample_049.html
sample_052,SWEPT_LIQUIDITY_LEVEL,2026-05-13,2026-05-13T01:00:00+00:00,EXCLUDED,UNSUPPORTED_OUTCOME_LABEL:UNKNOWN_DIRECTION,UNKNOWN_DIRECTION,0,adelin_v2_pre_decision_sweep_v1,,4715.78,UNSUPPORTED_OUTCOME_LABEL:UNKNOWN_DIRECTION|UNKNOWN_DIRECTION|UNKNOWN_DIRECTION_CONFIDENCE,1,True,sample_052,EXISTING_EXPANDED_OBJECTIVE_REPLAY,ASIA,XAUUSD,False,examples/sample_052.html
sample_055,SWEPT_LIQUIDITY_LEVEL,2026-02-13,2026-02-13T01:00:00+00:00,EXCLUDED,UNSUPPORTED_OUTCOME_LABEL:UNKNOWN_DIRECTION,UNKNOWN_DIRECTION,0,adelin_v2_pre_decision_sweep_v1,,4906.53,UNSUPPORTED_OUTCOME_LABEL:UNKNOWN_DIRECTION|UNKNOWN_DIRECTION|UNKNOWN_DIRECTION_CONFIDENCE,1,True,sample_055,EXISTING_EXPANDED_OBJECTIVE_REPLAY,ASIA_OPEN,XAUUSD,False,examples/sample_055.html
sample_056,UNKNOWN,2026-02-16,2026-02-16T01:00:00+00:00,EXCLUDED,UNSUPPORTED_OUTCOME_LABEL:UNKNOWN_ENTRY_LEVEL,UNKNOWN_DIRECTION,0,adelin_v2_pre_decision_sweep_v1,,,UNSUPPORTED_OUTCOME_LABEL:UNKNOWN_ENTRY_LEVEL|UNKNOWN_DIRECTION|UNKNOWN_DIRECTION_CONFIDENCE|MISSING_ENTRY_PRICE,1,True,sample_056,EXISTING_EXPANDED_OBJECTIVE_REPLAY,ASIA_OPEN,XAUUSD,False,examples/sample_056.html
sample_058,SWEEP_EXTREME,2026-03-04,2026-03-04T05:00:00+00:00,EXCLUDED,UNSUPPORTED_OUTCOME_LABEL:UNKNOWN_ENTRY_LEVEL,LONG,2,adelin_v2_pre_decision_sweep_v1,M5,,UNSUPPORTED_OUTCOME_LABEL:UNKNOWN_ENTRY_LEVEL|MISSING_ENTRY_PRICE,5,True,sample_058,EXISTING_EXPANDED_OBJECTIVE_REPLAY,ASIA,XAUUSD,False,examples/sample_058.html
sample_059,SWEPT_LIQUIDITY_LEVEL,2026-03-16,2026-03-16T00:00:00+00:00,EXCLUDED,UNSUPPORTED_OUTCOME_LABEL:UNKNOWN_DIRECTION,UNKNOWN_DIRECTION,0,adelin_v2_pre_decision_sweep_v1,,5009.66,UNSUPPORTED_OUTCOME_LABEL:UNKNOWN_DIRECTION|UNKNOWN_DIRECTION|UNKNOWN_DIRECTION_CONFIDENCE,0,True,sample_059,EXISTING_EXPANDED_OBJECTIVE_REPLAY,ASIA,XAUUSD,False,examples/sample_059.html
sample_060,UNKNOWN,2026-03-11,2026-03-11T01:00:00+00:00,EXCLUDED,UNSUPPORTED_OUTCOME_LABEL:UNKNOWN_ENTRY_LEVEL,UNKNOWN_DIRECTION,0,adelin_v2_pre_decision_sweep_v1,,,UNSUPPORTED_OUTCOME_LABEL:UNKNOWN_ENTRY_LEVEL|UNKNOWN_DIRECTION|UNKNOWN_DIRECTION_CONFIDENCE|MISSING_ENTRY_PRICE,1,True,sample_060,EXISTING_EXPANDED_OBJECTIVE_REPLAY,ASIA_OPEN,XAUUSD,False,examples/sample_060.html
sample_062,SWEEP_EXTREME,2026-04-02,2026-04-02T12:00:00+00:00,EXCLUDED,UNSUPPORTED_OUTCOME_LABEL:UNKNOWN_ENTRY_LEVEL,LONG,3,adelin_v2_pre_decision_sweep_v1,M5,,UNSUPPORTED_OUTCOME_LABEL:UNKNOWN_ENTRY_LEVEL|MISSING_ENTRY_PRICE,12,True,sample_062,EXISTING_EXPANDED_OBJECTIVE_REPLAY,NEW_YORK,XAUUSD,False,examples/sample_062.html
sample_063,UNKNOWN,2026-04-22,2026-04-22T01:00:00+00:00,EXCLUDED,UNSUPPORTED_OUTCOME_LABEL:UNKNOWN_ENTRY_LEVEL,UNKNOWN_DIRECTION,0,adelin_v2_pre_decision_sweep_v1,,,UNSUPPORTED_OUTCOME_LABEL:UNKNOWN_ENTRY_LEVEL|UNKNOWN_DIRECTION|UNKNOWN_DIRECTION_CONFIDENCE|MISSING_ENTRY_PRICE,1,True,sample_063,EXISTING_EXPANDED_OBJECTIVE_REPLAY,ASIA,XAUUSD,False,examples/sample_063.html
sample_066,SWEPT_LIQUIDITY_LEVEL,2026-05-15,2026-05-15T01:00:00+00:00,EXCLUDED,UNSUPPORTED_OUTCOME_LABEL:UNKNOWN_DIRECTION,UNKNOWN_DIRECTION,0,adelin_v2_pre_decision_sweep_v1,,4653.03,UNSUPPORTED_OUTCOME_LABEL:UNKNOWN_DIRECTION|UNKNOWN_DIRECTION|UNKNOWN_DIRECTION_CONFIDENCE,1,True,sample_066,EXISTING_EXPANDED_OBJECTIVE_REPLAY,ASIA,XAUUSD,False,examples/sample_066.html
sample_069,SWEPT_LIQUIDITY_LEVEL,2026-02-17,2026-02-17T01:00:00+00:00,EXCLUDED,UNSUPPORTED_OUTCOME_LABEL:UNKNOWN_DIRECTION,UNKNOWN_DIRECTION,0,adelin_v2_pre_decision_sweep_v1,,4997.79,UNSUPPORTED_OUTCOME_LABEL:UNKNOWN_DIRECTION|UNKNOWN_DIRECTION|UNKNOWN_DIRECTION_CONFIDENCE,1,True,sample_069,EXISTING_EXPANDED_OBJECTIVE_REPLAY,ASIA_OPEN,XAUUSD,False,examples/sample_069.html
sample_070,UNKNOWN,2026-02-18,2026-02-18T01:00:00+00:00,EXCLUDED,UNSUPPORTED_OUTCOME_LABEL:UNKNOWN_ENTRY_LEVEL,UNKNOWN_DIRECTION,0,adelin_v2_pre_decision_sweep_v1,,,UNSUPPORTED_OUTCOME_LABEL:UNKNOWN_ENTRY_LEVEL|UNKNOWN_DIRECTION|UNKNOWN_DIRECTION_CONFIDENCE|MISSING_ENTRY_PRICE,1,True,sample_070,EXISTING_EXPANDED_OBJECTIVE_REPLAY,ASIA_OPEN,XAUUSD,False,examples/sample_070.html
sample_073,SWEPT_LIQUIDITY_LEVEL,2026-03-23,2026-03-23T00:00:00+00:00,EXCLUDED,UNSUPPORTED_OUTCOME_LABEL:UNKNOWN_DIRECTION,UNKNOWN_DIRECTION,0,adelin_v2_pre_decision_sweep_v1,,4477.27,UNSUPPORTED_OUTCOME_LABEL:UNKNOWN_DIRECTION|UNKNOWN_DIRECTION|UNKNOWN_DIRECTION_CONFIDENCE,0,True,sample_073,EXISTING_EXPANDED_OBJECTIVE_REPLAY,ASIA,XAUUSD,False,examples/sample_073.html
sample_074,UNKNOWN,2026-03-18,2026-03-18T00:00:00+00:00,EXCLUDED,UNSUPPORTED_OUTCOME_LABEL:UNKNOWN_ENTRY_LEVEL,UNKNOWN_DIRECTION,0,adelin_v2_pre_decision_sweep_v1,,,UNSUPPORTED_OUTCOME_LABEL:UNKNOWN_ENTRY_LEVEL|UNKNOWN_DIRECTION|UNKNOWN_DIRECTION_CONFIDENCE|MISSING_ENTRY_PRICE,0,True,sample_074,EXISTING_EXPANDED_OBJECTIVE_REPLAY,ASIA,XAUUSD,False,examples/sample_074.html
sample_075,ROUND_LEVEL,2026-04-06,2026-04-06T01:00:00+00:00,EXCLUDED,UNSUPPORTED_OUTCOME_LABEL:UNKNOWN_DIRECTION,UNKNOWN_DIRECTION,0,adelin_v2_pre_decision_sweep_v1,,4630.0,UNSUPPORTED_OUTCOME_LABEL:UNKNOWN_DIRECTION|UNKNOWN_DIRECTION|UNKNOWN_DIRECTION_CONFIDENCE,1,True,sample_075,EXISTING_EXPANDED_OBJECTIVE_REPLAY,ASIA,XAUUSD,False,examples/sample_075.html
sample_077,UNKNOWN,2026-04-23,2026-04-23T01:00:00+00:00,EXCLUDED,UNSUPPORTED_OUTCOME_LABEL:UNKNOWN_ENTRY_LEVEL,UNKNOWN_DIRECTION,0,adelin_v2_pre_decision_sweep_v1,,,UNSUPPORTED_OUTCOME_LABEL:UNKNOWN_ENTRY_LEVEL|UNKNOWN_DIRECTION|UNKNOWN_DIRECTION_CONFIDENCE|MISSING_ENTRY_PRICE,1,True,sample_077,EXISTING_EXPANDED_OBJECTIVE_REPLAY,ASIA,XAUUSD,False,examples/sample_077.html
sample_080,SWEPT_LIQUIDITY_LEVEL,2026-05-18,2026-05-18T01:00:00+00:00,EXCLUDED,UNSUPPORTED_OUTCOME_LABEL:UNKNOWN_DIRECTION,UNKNOWN_DIRECTION,0,adelin_v2_pre_decision_sweep_v1,,4529.35,UNSUPPORTED_OUTCOME_LABEL:UNKNOWN_DIRECTION|UNKNOWN_DIRECTION|UNKNOWN_DIRECTION_CONFIDENCE,1,True,sample_080,EXISTING_EXPANDED_OBJECTIVE_REPLAY,ASIA,XAUUSD,False,examples/sample_080.html
sample_083,SWEPT_LIQUIDITY_LEVEL,2026-02-19,2026-02-19T01:00:00+00:00,EXCLUDED,UNSUPPORTED_OUTCOME_LABEL:UNKNOWN_DIRECTION,UNKNOWN_DIRECTION,0,adelin_v2_pre_decision_sweep_v1,,4972.97,UNSUPPORTED_OUTCOME_LABEL:UNKNOWN_DIRECTION|UNKNOWN_DIRECTION|UNKNOWN_DIRECTION_CONFIDENCE,1,True,sample_083,EXISTING_EXPANDED_OBJECTIVE_REPLAY,ASIA_OPEN,XAUUSD,False,examples/sample_083.html
sample_084,UNKNOWN,2026-02-23,2026-02-23T01:00:00+00:00,EXCLUDED,UNSUPPORTED_OUTCOME_LABEL:UNKNOWN_ENTRY_LEVEL,UNKNOWN_DIRECTION,0,adelin_v2_pre_decision_sweep_v1,,,UNSUPPORTED_OUTCOME_LABEL:UNKNOWN_ENTRY_LEVEL|UNKNOWN_DIRECTION|UNKNOWN_DIRECTION_CONFIDENCE|MISSING_ENTRY_PRICE,1,True,sample_084,EXISTING_EXPANDED_OBJECTIVE_REPLAY,ASIA_OPEN,XAUUSD,False,examples/sample_084.html
sample_086,SWEEP_EXTREME,2026-03-05,2026-03-05T05:00:00+00:00,EXCLUDED,UNSUPPORTED_OUTCOME_LABEL:UNKNOWN_ENTRY_LEVEL,SHORT,2,adelin_v2_pre_decision_sweep_v1,M5,,UNSUPPORTED_OUTCOME_LABEL:UNKNOWN_ENTRY_LEVEL|MISSING_ENTRY_PRICE,5,True,sample_086,EXISTING_EXPANDED_OBJECTIVE_REPLAY,ASIA,XAUUSD,False,examples/sample_086.html
sample_087,SWEPT_LIQUIDITY_LEVEL,2026-03-25,2026-03-25T00:00:00+00:00,EXCLUDED,UNSUPPORTED_OUTCOME_LABEL:UNKNOWN_DIRECTION,UNKNOWN_DIRECTION,0,adelin_v2_pre_decision_sweep_v1,,4484.04,UNSUPPORTED_OUTCOME_LABEL:UNKNOWN_DIRECTION|UNKNOWN_DIRECTION|UNKNOWN_DIRECTION_CONFIDENCE,0,True,sample_087,EXISTING_EXPANDED_OBJECTIVE_REPLAY,ASIA,XAUUSD,False,examples/sample_087.html
sample_088,UNKNOWN,2026-03-24,2026-03-24T00:00:00+00:00,EXCLUDED,UNSUPPORTED_OUTCOME_LABEL:UNKNOWN_ENTRY_LEVEL,UNKNOWN_DIRECTION,0,adelin_v2_pre_decision_sweep_v1,,,UNSUPPORTED_OUTCOME_LABEL:UNKNOWN_ENTRY_LEVEL|UNKNOWN_DIRECTION|UNKNOWN_DIRECTION_CONFIDENCE|MISSING_ENTRY_PRICE,0,True,sample_088,EXISTING_EXPANDED_OBJECTIVE_REPLAY,ASIA,XAUUSD,False,examples/sample_088.html
sample_090,SWEEP_EXTREME,2026-04-02,2026-04-02T22:30:00+00:00,EXCLUDED,UNSUPPORTED_OUTCOME_LABEL:UNKNOWN_ENTRY_LEVEL,LONG,3,adelin_v2_pre_decision_sweep_v1,M5,,UNSUPPORTED_OUTCOME_LABEL:UNKNOWN_ENTRY_LEVEL|MISSING_ENTRY_PRICE,22,True,sample_090,EXISTING_EXPANDED_OBJECTIVE_REPLAY,ASIA,XAUUSD,False,examples/sample_090.html
sample_091,UNKNOWN,2026-04-24,2026-04-24T01:00:00+00:00,EXCLUDED,UNSUPPORTED_OUTCOME_LABEL:UNKNOWN_ENTRY_LEVEL,UNKNOWN_DIRECTION,0,adelin_v2_pre_decision_sweep_v1,,,UNSUPPORTED_OUTCOME_LABEL:UNKNOWN_ENTRY_LEVEL|UNKNOWN_DIRECTION|UNKNOWN_DIRECTION_CONFIDENCE|MISSING_ENTRY_PRICE,1,True,sample_091,EXISTING_EXPANDED_OBJECTIVE_REPLAY,ASIA,XAUUSD,False,examples/sample_091.html
sample_096,SWEPT_LIQUIDITY_LEVEL,2026-02-20,2026-02-20T01:00:00+00:00,EXCLUDED,UNSUPPORTED_OUTCOME_LABEL:UNKNOWN_DIRECTION,UNKNOWN_DIRECTION,0,adelin_v2_pre_decision_sweep_v1,,5004.27,UNSUPPORTED_OUTCOME_LABEL:UNKNOWN_DIRECTION|UNKNOWN_DIRECTION|UNKNOWN_DIRECTION_CONFIDENCE,1,True,sample_096,EXISTING_EXPANDED_OBJECTIVE_REPLAY,ASIA_OPEN,XAUUSD,False,examples/sample_096.html
sample_097,UNKNOWN,2026-02-24,2026-02-24T01:00:00+00:00,EXCLUDED,UNSUPPORTED_OUTCOME_LABEL:UNKNOWN_ENTRY_LEVEL,UNKNOWN_DIRECTION,0,adelin_v2_pre_decision_sweep_v1,,,UNSUPPORTED_OUTCOME_LABEL:UNKNOWN_ENTRY_LEVEL|UNKNOWN_DIRECTION|UNKNOWN_DIRECTION_CONFIDENCE|MISSING_ENTRY_PRICE,1,True,sample_097,EXISTING_EXPANDED_OBJECTIVE_REPLAY,ASIA_OPEN,XAUUSD,False,examples/sample_097.html
sample_100,SWEPT_LIQUIDITY_LEVEL,2026-03-30,2026-03-30T01:00:00+00:00,EXCLUDED,UNSUPPORTED_OUTCOME_LABEL:UNKNOWN_DIRECTION,UNKNOWN_DIRECTION,0,adelin_v2_pre_decision_sweep_v1,,4486.4,UNSUPPORTED_OUTCOME_LABEL:UNKNOWN_DIRECTION|UNKNOWN_DIRECTION|UNKNOWN_DIRECTION_CONFIDENCE,1,True,sample_100,EXISTING_EXPANDED_OBJECTIVE_REPLAY,ASIA,XAUUSD,False,examples/sample_100.html
sample_101,UNKNOWN,2026-03-26,2026-03-26T00:00:00+00:00,EXCLUDED,UNSUPPORTED_OUTCOME_LABEL:UNKNOWN_ENTRY_LEVEL,UNKNOWN_DIRECTION,0,adelin_v2_pre_decision_sweep_v1,,,UNSUPPORTED_OUTCOME_LABEL:UNKNOWN_ENTRY_LEVEL|UNKNOWN_DIRECTION|UNKNOWN_DIRECTION_CONFIDENCE|MISSING_ENTRY_PRICE,0,True,sample_101,EXISTING_EXPANDED_OBJECTIVE_REPLAY,ASIA,XAUUSD,False,examples/sample_101.html
sample_107,SWEEP_EXTREME,2026-02-06,2026-02-06T05:00:00+00:00,EXCLUDED,UNSUPPORTED_OUTCOME_LABEL:UNKNOWN_ENTRY_LEVEL,LONG,2,adelin_v2_pre_decision_sweep_v1,M5,,UNSUPPORTED_OUTCOME_LABEL:UNKNOWN_ENTRY_LEVEL|MISSING_ENTRY_PRICE,5,True,sample_107,EXISTING_EXPANDED_OBJECTIVE_REPLAY,ASIA,XAUUSD,False,examples/sample_107.html
sample_108,UNKNOWN,2026-02-25,2026-02-25T01:00:00+00:00,EXCLUDED,UNSUPPORTED_OUTCOME_LABEL:UNKNOWN_ENTRY_LEVEL,UNKNOWN_DIRECTION,0,adelin_v2_pre_decision_sweep_v1,,,UNSUPPORTED_OUTCOME_LABEL:UNKNOWN_ENTRY_LEVEL|UNKNOWN_DIRECTION|UNKNOWN_DIRECTION_CONFIDENCE|MISSING_ENTRY_PRICE,1,True,sample_108,EXISTING_EXPANDED_OBJECTIVE_REPLAY,ASIA_OPEN,XAUUSD,False,examples/sample_108.html
sample_111,UNKNOWN,2026-03-31,2026-03-31T01:00:00+00:00,EXCLUDED,UNSUPPORTED_OUTCOME_LABEL:UNKNOWN_ENTRY_LEVEL,UNKNOWN_DIRECTION,0,adelin_v2_pre_decision_sweep_v1,,,UNSUPPORTED_OUTCOME_LABEL:UNKNOWN_ENTRY_LEVEL|UNKNOWN_DIRECTION|UNKNOWN_DIRECTION_CONFIDENCE|MISSING_ENTRY_PRICE,1,True,sample_111,EXISTING_EXPANDED_OBJECTIVE_REPLAY,ASIA,XAUUSD,False,examples/sample_111.html
sample_115,SWEEP_EXTREME,2026-05-06,2026-05-06T01:30:00+00:00,EXCLUDED,UNSUPPORTED_OUTCOME_LABEL:UNKNOWN_ENTRY_LEVEL,LONG,2,adelin_v2_pre_decision_sweep_v1,M5,,UNSUPPORTED_OUTCOME_LABEL:UNKNOWN_ENTRY_LEVEL|MISSING_ENTRY_PRICE,1,True,sample_115,EXISTING_EXPANDED_OBJECTIVE_REPLAY,ASIA,XAUUSD,False,examples/sample_115.html
sample_118,UNKNOWN,2026-02-26,2026-02-26T01:00:00+00:00,EXCLUDED,UNSUPPORTED_OUTCOME_LABEL:UNKNOWN_ENTRY_LEVEL,UNKNOWN_DIRECTION,0,adelin_v2_pre_decision_sweep_v1,,,UNSUPPORTED_OUTCOME_LABEL:UNKNOWN_ENTRY_LEVEL|UNKNOWN_DIRECTION|UNKNOWN_DIRECTION_CONFIDENCE|MISSING_ENTRY_PRICE,1,True,sample_118,EXISTING_EXPANDED_OBJECTIVE_REPLAY,ASIA_OPEN,XAUUSD,False,examples/sample_118.html
sample_124,SWEEP_EXTREME,2026-05-06,2026-05-06T12:30:00+00:00,EXCLUDED,UNSUPPORTED_OUTCOME_LABEL:UNKNOWN_ENTRY_LEVEL,LONG,3,adelin_v2_pre_decision_sweep_v1,M5,,UNSUPPORTED_OUTCOME_LABEL:UNKNOWN_ENTRY_LEVEL|MISSING_ENTRY_PRICE,12,True,sample_124,EXISTING_EXPANDED_OBJECTIVE_REPLAY,NEW_YORK,XAUUSD,False,examples/sample_124.html
sample_126,SWEEP_EXTREME,2026-02-09,2026-02-09T11:15:00+00:00,EXCLUDED,UNSUPPORTED_OUTCOME_LABEL:UNKNOWN_ENTRY_LEVEL,LONG,3,adelin_v2_pre_decision_sweep_v1,M5,,UNSUPPORTED_OUTCOME_LABEL:UNKNOWN_ENTRY_LEVEL|MISSING_ENTRY_PRICE,11,True,sample_126,EXISTING_EXPANDED_OBJECTIVE_REPLAY,LONDON,XAUUSD,False,examples/sample_126.html
sample_132,SWEEP_EXTREME,2026-05-06,2026-05-06T18:15:00+00:00,EXCLUDED,UNSUPPORTED_OUTCOME_LABEL:UNKNOWN_ENTRY_LEVEL,LONG,2,adelin_v2_pre_decision_sweep_v1,M5,,UNSUPPORTED_OUTCOME_LABEL:UNKNOWN_ENTRY_LEVEL|MISSING_ENTRY_PRICE,18,True,sample_132,EXISTING_EXPANDED_OBJECTIVE_REPLAY,OTHER,XAUUSD,False,examples/sample_132.html
sample_136,SWEEP_EXTREME,2026-03-10,2026-03-10T14:00:00+00:00,EXCLUDED,UNSUPPORTED_OUTCOME_LABEL:UNKNOWN_ENTRY_LEVEL,SHORT,3,adelin_v2_pre_decision_sweep_v1,M5,,UNSUPPORTED_OUTCOME_LABEL:UNKNOWN_ENTRY_LEVEL|MISSING_ENTRY_PRICE,14,True,sample_136,EXISTING_EXPANDED_OBJECTIVE_REPLAY,NEW_YORK,XAUUSD,False,examples/sample_136.html
sample_138,SWEEP_EXTREME,2026-04-08,2026-04-08T05:30:00+00:00,EXCLUDED,UNSUPPORTED_OUTCOME_LABEL:UNKNOWN_ENTRY_LEVEL,LONG,3,adelin_v2_pre_decision_sweep_v1,M5,,UNSUPPORTED_OUTCOME_LABEL:UNKNOWN_ENTRY_LEVEL|MISSING_ENTRY_PRICE,5,True,sample_138,EXISTING_EXPANDED_OBJECTIVE_REPLAY,LONDON,XAUUSD,False,examples/sample_138.html
sample_144,SWEEP_EXTREME,2026-03-10,2026-03-10T19:15:00+00:00,EXCLUDED,UNSUPPORTED_OUTCOME_LABEL:UNKNOWN_ENTRY_LEVEL,LONG,2,adelin_v2_pre_decision_sweep_v1,M5,,UNSUPPORTED_OUTCOME_LABEL:UNKNOWN_ENTRY_LEVEL|MISSING_ENTRY_PRICE,19,True,sample_144,EXISTING_EXPANDED_OBJECTIVE_REPLAY,OTHER,XAUUSD,False,examples/sample_144.html
sample_146,SWEEP_EXTREME,2026-04-08,2026-04-08T13:45:00+00:00,EXCLUDED,UNSUPPORTED_OUTCOME_LABEL:UNKNOWN_ENTRY_LEVEL,SHORT,3,adelin_v2_pre_decision_sweep_v1,M5,,UNSUPPORTED_OUTCOME_LABEL:UNKNOWN_ENTRY_LEVEL|MISSING_ENTRY_PRICE,13,True,sample_146,EXISTING_EXPANDED_OBJECTIVE_REPLAY,NEW_YORK_OPEN,XAUUSD,False,examples/sample_146.html
sample_150,SWEEP_EXTREME,2026-02-11,2026-02-11T05:15:00+00:00,EXCLUDED,UNSUPPORTED_OUTCOME_LABEL:UNKNOWN_ENTRY_LEVEL,LONG,3,adelin_v2_pre_decision_sweep_v1,M5,,UNSUPPORTED_OUTCOME_LABEL:UNKNOWN_ENTRY_LEVEL|MISSING_ENTRY_PRICE,5,True,sample_150,EXISTING_EXPANDED_OBJECTIVE_REPLAY,ASIA,XAUUSD,False,examples/sample_150.html
sample_156,SWEEP_EXTREME,2026-05-11,2026-05-11T11:15:00+00:00,EXCLUDED,UNSUPPORTED_OUTCOME_LABEL:UNKNOWN_ENTRY_LEVEL,SHORT,2,adelin_v2_pre_decision_sweep_v1,M5,,UNSUPPORTED_OUTCOME_LABEL:UNKNOWN_ENTRY_LEVEL|MISSING_ENTRY_PRICE,11,True,sample_156,EXISTING_EXPANDED_OBJECTIVE_REPLAY,NEW_YORK,XAUUSD,False,examples/sample_156.html
sample_158,SWEEP_EXTREME,2026-02-12,2026-02-12T07:00:00+00:00,EXCLUDED,UNSUPPORTED_OUTCOME_LABEL:UNKNOWN_ENTRY_LEVEL,SHORT,3,adelin_v2_pre_decision_sweep_v1,M5,,UNSUPPORTED_OUTCOME_LABEL:UNKNOWN_ENTRY_LEVEL|MISSING_ENTRY_PRICE,7,True,sample_158,EXISTING_EXPANDED_OBJECTIVE_REPLAY,LONDON,XAUUSD,False,examples/sample_158.html
sample_162,SWEEP_EXTREME,2026-04-09,2026-04-09T15:45:00+00:00,EXCLUDED,UNSUPPORTED_OUTCOME_LABEL:UNKNOWN_ENTRY_LEVEL,SHORT,3,adelin_v2_pre_decision_sweep_v1,M5,,UNSUPPORTED_OUTCOME_LABEL:UNKNOWN_ENTRY_LEVEL|MISSING_ENTRY_PRICE,15,True,sample_162,EXISTING_EXPANDED_OBJECTIVE_REPLAY,NEW_YORK,XAUUSD,False,examples/sample_162.html
sample_168,SWEEP_EXTREME,2026-03-12,2026-03-12T15:15:00+00:00,EXCLUDED,UNSUPPORTED_OUTCOME_LABEL:UNKNOWN_ENTRY_LEVEL,LONG,3,adelin_v2_pre_decision_sweep_v1,M5,,UNSUPPORTED_OUTCOME_LABEL:UNKNOWN_ENTRY_LEVEL|MISSING_ENTRY_PRICE,15,True,sample_168,EXISTING_EXPANDED_OBJECTIVE_REPLAY,NEW_YORK,XAUUSD,False,examples/sample_168.html
sample_172,SWEEP_EXTREME,2026-05-12,2026-05-12T15:45:00+00:00,EXCLUDED,UNSUPPORTED_OUTCOME_LABEL:UNKNOWN_ENTRY_LEVEL,SHORT,3,adelin_v2_pre_decision_sweep_v1,M5,,UNSUPPORTED_OUTCOME_LABEL:UNKNOWN_ENTRY_LEVEL|MISSING_ENTRY_PRICE,15,True,sample_172,EXISTING_EXPANDED_OBJECTIVE_REPLAY,NEW_YORK,XAUUSD,False,examples/sample_172.html
sample_174,SWEEP_EXTREME,2026-02-13,2026-02-13T05:30:00+00:00,EXCLUDED,UNSUPPORTED_OUTCOME_LABEL:UNKNOWN_ENTRY_LEVEL,LONG,2,adelin_v2_pre_decision_sweep_v1,M5,,UNSUPPORTED_OUTCOME_LABEL:UNKNOWN_ENTRY_LEVEL|MISSING_ENTRY_PRICE,5,True,sample_174,EXISTING_EXPANDED_OBJECTIVE_REPLAY,ASIA,XAUUSD,False,examples/sample_174.html
sample_176,SWEEP_EXTREME,2026-03-12,2026-03-12T19:15:00+00:00,EXCLUDED,UNSUPPORTED_OUTCOME_LABEL:UNKNOWN_ENTRY_LEVEL,LONG,2,adelin_v2_pre_decision_sweep_v1,M5,,UNSUPPORTED_OUTCOME_LABEL:UNKNOWN_ENTRY_LEVEL|MISSING_ENTRY_PRICE,19,True,sample_176,EXISTING_EXPANDED_OBJECTIVE_REPLAY,OTHER,XAUUSD,False,examples/sample_176.html
sample_184,SWEEP_EXTREME,2026-03-16,2026-03-16T04:00:00+00:00,EXCLUDED,UNSUPPORTED_OUTCOME_LABEL:UNKNOWN_ENTRY_LEVEL,SHORT,3,adelin_v2_pre_decision_sweep_v1,M5,,UNSUPPORTED_OUTCOME_LABEL:UNKNOWN_ENTRY_LEVEL|MISSING_ENTRY_PRICE,4,True,sample_184,EXISTING_EXPANDED_OBJECTIVE_REPLAY,ASIA,XAUUSD,False,examples/sample_184.html
sample_188,SWEEP_EXTREME,2026-05-13,2026-05-13T15:30:00+00:00,EXCLUDED,UNSUPPORTED_OUTCOME_LABEL:UNKNOWN_ENTRY_LEVEL,LONG,2,adelin_v2_pre_decision_sweep_v1,M5,,UNSUPPORTED_OUTCOME_LABEL:UNKNOWN_ENTRY_LEVEL|MISSING_ENTRY_PRICE,15,True,sample_188,EXISTING_EXPANDED_OBJECTIVE_REPLAY,NEW_YORK,XAUUSD,False,examples/sample_188.html
sample_196,SWEEP_EXTREME,2026-05-14,2026-05-14T03:00:00+00:00,EXCLUDED,UNSUPPORTED_OUTCOME_LABEL:UNKNOWN_ENTRY_LEVEL,SHORT,3,adelin_v2_pre_decision_sweep_v1,M5,,UNSUPPORTED_OUTCOME_LABEL:UNKNOWN_ENTRY_LEVEL|MISSING_ENTRY_PRICE,3,True,sample_196,EXISTING_EXPANDED_OBJECTIVE_REPLAY,ASIA,XAUUSD,False,examples/sample_196.html
sample_208,SWEEP_EXTREME,2026-03-17,2026-03-17T12:15:00+00:00,EXCLUDED,UNSUPPORTED_OUTCOME_LABEL:UNKNOWN_ENTRY_LEVEL,SHORT,2,adelin_v2_pre_decision_sweep_v1,M5,,UNSUPPORTED_OUTCOME_LABEL:UNKNOWN_ENTRY_LEVEL|MISSING_ENTRY_PRICE,12,True,sample_208,EXISTING_EXPANDED_OBJECTIVE_REPLAY,NEW_YORK,XAUUSD,False,examples/sample_208.html
sample_210,SWEEP_EXTREME,2026-04-16,2026-04-16T06:45:00+00:00,EXCLUDED,UNSUPPORTED_OUTCOME_LABEL:UNKNOWN_ENTRY_LEVEL,LONG,2,adelin_v2_pre_decision_sweep_v1,M5,,UNSUPPORTED_OUTCOME_LABEL:UNKNOWN_ENTRY_LEVEL|MISSING_ENTRY_PRICE,6,True,sample_210,EXISTING_EXPANDED_OBJECTIVE_REPLAY,LONDON_OPEN,XAUUSD,False,examples/sample_210.html
sample_216,SWEEP_EXTREME,2026-03-17,2026-03-17T17:00:00+00:00,EXCLUDED,UNSUPPORTED_OUTCOME_LABEL:UNKNOWN_ENTRY_LEVEL,SHORT,2,adelin_v2_pre_decision_sweep_v1,M5,,UNSUPPORTED_OUTCOME_LABEL:UNKNOWN_ENTRY_LEVEL|MISSING_ENTRY_PRICE,17,True,sample_216,EXISTING_EXPANDED_OBJECTIVE_REPLAY,OTHER,XAUUSD,False,examples/sample_216.html
sample_224,SWEEP_EXTREME,2026-03-18,2026-03-18T14:15:00+00:00,EXCLUDED,UNSUPPORTED_OUTCOME_LABEL:UNKNOWN_ENTRY_LEVEL,LONG,2,adelin_v2_pre_decision_sweep_v1,M5,,UNSUPPORTED_OUTCOME_LABEL:UNKNOWN_ENTRY_LEVEL|MISSING_ENTRY_PRICE,14,True,sample_224,EXISTING_EXPANDED_OBJECTIVE_REPLAY,NEW_YORK_OPEN,XAUUSD,False,examples/sample_224.html
sample_232,SWEEP_EXTREME,2026-03-19,2026-03-19T00:15:00+00:00,EXCLUDED,UNSUPPORTED_OUTCOME_LABEL:UNKNOWN_ENTRY_LEVEL,LONG,3,adelin_v2_pre_decision_sweep_v1,M5,,UNSUPPORTED_OUTCOME_LABEL:UNKNOWN_ENTRY_LEVEL|MISSING_ENTRY_PRICE,0,True,sample_232,EXISTING_EXPANDED_OBJECTIVE_REPLAY,ASIA,XAUUSD,False,examples/sample_232.html
sample_234,SWEEP_EXTREME,2026-04-20,2026-04-20T01:45:00+00:00,EXCLUDED,UNSUPPORTED_OUTCOME_LABEL:UNKNOWN_ENTRY_LEVEL,LONG,2,adelin_v2_pre_decision_sweep_v1,M5,,UNSUPPORTED_OUTCOME_LABEL:UNKNOWN_ENTRY_LEVEL|MISSING_ENTRY_PRICE,1,True,sample_234,EXISTING_EXPANDED_OBJECTIVE_REPLAY,ASIA,XAUUSD,False,examples/sample_234.html
sample_244,SWEEP_EXTREME,2026-05-19,2026-05-19T17:45:00+00:00,EXCLUDED,UNSUPPORTED_OUTCOME_LABEL:UNKNOWN_ENTRY_LEVEL,LONG,2,adelin_v2_pre_decision_sweep_v1,M5,,UNSUPPORTED_OUTCOME_LABEL:UNKNOWN_ENTRY_LEVEL|MISSING_ENTRY_PRICE,17,True,sample_244,EXISTING_EXPANDED_OBJECTIVE_REPLAY,OTHER,XAUUSD,False,examples/sample_244.html
sample_246,SWEEP_EXTREME,2026-02-23,2026-02-23T10:15:00+00:00,EXCLUDED,UNSUPPORTED_OUTCOME_LABEL:UNKNOWN_ENTRY_LEVEL,SHORT,2,adelin_v2_pre_decision_sweep_v1,M5,,UNSUPPORTED_OUTCOME_LABEL:UNKNOWN_ENTRY_LEVEL|MISSING_ENTRY_PRICE,10,True,sample_246,EXISTING_EXPANDED_OBJECTIVE_REPLAY,LONDON,XAUUSD,False,examples/sample_246.html
sample_248,SWEEP_EXTREME,2026-03-19,2026-03-19T13:15:00+00:00,EXCLUDED,UNSUPPORTED_OUTCOME_LABEL:UNKNOWN_ENTRY_LEVEL,SHORT,3,adelin_v2_pre_decision_sweep_v1,M5,,UNSUPPORTED_OUTCOME_LABEL:UNKNOWN_ENTRY_LEVEL|MISSING_ENTRY_PRICE,13,True,sample_248,EXISTING_EXPANDED_OBJECTIVE_REPLAY,NEW_YORK,XAUUSD,False,examples/sample_248.html
sample_252,SWEEP_EXTREME,2026-02-23,2026-02-23T20:30:00+00:00,EXCLUDED,UNSUPPORTED_OUTCOME_LABEL:UNKNOWN_ENTRY_LEVEL,LONG,3,adelin_v2_pre_decision_sweep_v1,M5,,UNSUPPORTED_OUTCOME_LABEL:UNKNOWN_ENTRY_LEVEL|MISSING_ENTRY_PRICE,20,True,sample_252,EXISTING_EXPANDED_OBJECTIVE_REPLAY,OTHER,XAUUSD,False,examples/sample_252.html
sample_254,SWEEP_EXTREME,2026-03-23,2026-03-23T04:00:00+00:00,EXCLUDED,UNSUPPORTED_OUTCOME_LABEL:UNKNOWN_ENTRY_LEVEL,LONG,3,adelin_v2_pre_decision_sweep_v1,M1,,UNSUPPORTED_OUTCOME_LABEL:UNKNOWN_ENTRY_LEVEL|MISSING_ENTRY_PRICE,4,True,sample_254,EXISTING_EXPANDED_OBJECTIVE_REPLAY,ASIA,XAUUSD,False,examples/sample_254.html
sample_258,SWEEP_EXTREME,2026-02-24,2026-02-24T14:15:00+00:00,EXCLUDED,UNSUPPORTED_OUTCOME_LABEL:UNKNOWN_ENTRY_LEVEL,LONG,3,adelin_v2_pre_decision_sweep_v1,M5,,UNSUPPORTED_OUTCOME_LABEL:UNKNOWN_ENTRY_LEVEL|MISSING_ENTRY_PRICE,14,True,sample_258,EXISTING_EXPANDED_OBJECTIVE_REPLAY,NEW_YORK_OPEN,XAUUSD,False,examples/sample_258.html
sample_260,SWEEP_EXTREME,2026-03-23,2026-03-23T14:30:00+00:00,EXCLUDED,UNSUPPORTED_OUTCOME_LABEL:UNKNOWN_ENTRY_LEVEL,SHORT,3,adelin_v2_pre_decision_sweep_v1,M5,,UNSUPPORTED_OUTCOME_LABEL:UNKNOWN_ENTRY_LEVEL|MISSING_ENTRY_PRICE,14,True,sample_260,EXISTING_EXPANDED_OBJECTIVE_REPLAY,NEW_YORK_OPEN,XAUUSD,False,examples/sample_260.html
sample_264,SWEEP_EXTREME,2026-02-25,2026-02-25T05:15:00+00:00,EXCLUDED,UNSUPPORTED_OUTCOME_LABEL:UNKNOWN_ENTRY_LEVEL,SHORT,3,adelin_v2_pre_decision_sweep_v1,M5,,UNSUPPORTED_OUTCOME_LABEL:UNKNOWN_ENTRY_LEVEL|MISSING_ENTRY_PRICE,5,True,sample_264,EXISTING_EXPANDED_OBJECTIVE_REPLAY,ASIA,XAUUSD,False,examples/sample_264.html
sample_266,SWEEP_EXTREME,2026-03-24,2026-03-24T04:00:00+00:00,EXCLUDED,UNSUPPORTED_OUTCOME_LABEL:UNKNOWN_ENTRY_LEVEL,SHORT,3,adelin_v2_pre_decision_sweep_v1,M5,,UNSUPPORTED_OUTCOME_LABEL:UNKNOWN_ENTRY_LEVEL|MISSING_ENTRY_PRICE,4,True,sample_266,EXISTING_EXPANDED_OBJECTIVE_REPLAY,ASIA,XAUUSD,False,examples/sample_266.html
sample_268,SWEEP_EXTREME,2026-04-22,2026-04-22T10:00:00+00:00,EXCLUDED,UNSUPPORTED_OUTCOME_LABEL:UNKNOWN_ENTRY_LEVEL,SHORT,2,adelin_v2_pre_decision_sweep_v1,M5,,UNSUPPORTED_OUTCOME_LABEL:UNKNOWN_ENTRY_LEVEL|MISSING_ENTRY_PRICE,10,True,sample_268,EXISTING_EXPANDED_OBJECTIVE_REPLAY,LONDON,XAUUSD,False,examples/sample_268.html
sample_270,SWEEP_EXTREME,2026-02-25,2026-02-25T13:15:00+00:00,EXCLUDED,UNSUPPORTED_OUTCOME_LABEL:UNKNOWN_ENTRY_LEVEL,LONG,2,adelin_v2_pre_decision_sweep_v1,M5,,UNSUPPORTED_OUTCOME_LABEL:UNKNOWN_ENTRY_LEVEL|MISSING_ENTRY_PRICE,13,True,sample_270,EXISTING_EXPANDED_OBJECTIVE_REPLAY,NEW_YORK,XAUUSD,False,examples/sample_270.html
sample_274,SWEEP_EXTREME,2026-04-23,2026-04-23T05:45:00+00:00,EXCLUDED,UNSUPPORTED_OUTCOME_LABEL:UNKNOWN_ENTRY_LEVEL,LONG,3,adelin_v2_pre_decision_sweep_v1,M5,,UNSUPPORTED_OUTCOME_LABEL:UNKNOWN_ENTRY_LEVEL|MISSING_ENTRY_PRICE,5,True,sample_274,EXISTING_EXPANDED_OBJECTIVE_REPLAY,LONDON,XAUUSD,False,examples/sample_274.html
sample_276,SWEEP_EXTREME,2026-02-26,2026-02-26T05:15:00+00:00,EXCLUDED,UNSUPPORTED_OUTCOME_LABEL:UNKNOWN_ENTRY_LEVEL,SHORT,2,adelin_v2_pre_decision_sweep_v1,M5,,UNSUPPORTED_OUTCOME_LABEL:UNKNOWN_ENTRY_LEVEL|MISSING_ENTRY_PRICE,5,True,sample_276,EXISTING_EXPANDED_OBJECTIVE_REPLAY,ASIA,XAUUSD,False,examples/sample_276.html
sample_278,SWEEP_EXTREME,2026-03-25,2026-03-25T04:15:00+00:00,EXCLUDED,UNSUPPORTED_OUTCOME_LABEL:UNKNOWN_ENTRY_LEVEL,LONG,3,adelin_v2_pre_decision_sweep_v1,M5,,UNSUPPORTED_OUTCOME_LABEL:UNKNOWN_ENTRY_LEVEL|MISSING_ENTRY_PRICE,4,True,sample_278,EXISTING_EXPANDED_OBJECTIVE_REPLAY,ASIA,XAUUSD,False,examples/sample_278.html
sample_284,SWEEP_EXTREME,2026-03-25,2026-03-25T13:00:00+00:00,EXCLUDED,UNSUPPORTED_OUTCOME_LABEL:UNKNOWN_ENTRY_LEVEL,LONG,3,adelin_v2_pre_decision_sweep_v1,M5,,UNSUPPORTED_OUTCOME_LABEL:UNKNOWN_ENTRY_LEVEL|MISSING_ENTRY_PRICE,13,True,sample_284,EXISTING_EXPANDED_OBJECTIVE_REPLAY,NEW_YORK,XAUUSD,False,examples/sample_284.html
sample_288,SWEEP_EXTREME,2026-02-27,2026-02-27T04:00:00+00:00,EXCLUDED,UNSUPPORTED_OUTCOME_LABEL:UNKNOWN_ENTRY_LEVEL,SHORT,3,adelin_v2_pre_decision_sweep_v1,M5,,UNSUPPORTED_OUTCOME_LABEL:UNKNOWN_ENTRY_LEVEL|MISSING_ENTRY_PRICE,4,True,sample_288,EXISTING_EXPANDED_OBJECTIVE_REPLAY,ASIA,XAUUSD,False,examples/sample_288.html
sample_290,SWEEP_EXTREME,2026-03-26,2026-03-26T05:00:00+00:00,EXCLUDED,UNSUPPORTED_OUTCOME_LABEL:UNKNOWN_ENTRY_LEVEL,LONG,2,adelin_v2_pre_decision_sweep_v1,M1,,UNSUPPORTED_OUTCOME_LABEL:UNKNOWN_ENTRY_LEVEL|MISSING_ENTRY_PRICE,5,True,sample_290,EXISTING_EXPANDED_OBJECTIVE_REPLAY,ASIA,XAUUSD,False,examples/sample_290.html
sample_296,SWEEP_EXTREME,2026-04-27,2026-04-27T11:30:00+00:00,EXCLUDED,UNSUPPORTED_OUTCOME_LABEL:UNKNOWN_ENTRY_LEVEL,LONG,3,adelin_v2_pre_decision_sweep_v1,M5,,UNSUPPORTED_OUTCOME_LABEL:UNKNOWN_ENTRY_LEVEL|MISSING_ENTRY_PRICE,11,True,sample_296,EXISTING_EXPANDED_OBJECTIVE_REPLAY,NEW_YORK,XAUUSD,False,examples/sample_296.html
sample_298,SWEEP_EXTREME,2026-03-30,2026-03-30T05:15:00+00:00,EXCLUDED,UNSUPPORTED_OUTCOME_LABEL:UNKNOWN_ENTRY_LEVEL,LONG,3,adelin_v2_pre_decision_sweep_v1,M1,,UNSUPPORTED_OUTCOME_LABEL:UNKNOWN_ENTRY_LEVEL|MISSING_ENTRY_PRICE,5,True,sample_298,EXISTING_EXPANDED_OBJECTIVE_REPLAY,LONDON,XAUUSD,False,examples/sample_298.html
sample_300,SWEEP_EXTREME,2026-04-28,2026-04-28T02:15:00+00:00,EXCLUDED,UNSUPPORTED_OUTCOME_LABEL:UNKNOWN_ENTRY_LEVEL,SHORT,2,adelin_v2_pre_decision_sweep_v1,M5,,UNSUPPORTED_OUTCOME_LABEL:UNKNOWN_ENTRY_LEVEL|MISSING_ENTRY_PRICE,2,True,sample_300,EXISTING_EXPANDED_OBJECTIVE_REPLAY,ASIA,XAUUSD,False,examples/sample_300.html
