candidate_id,candidate_source,date,decision_timestamp,diagnostic_outcome_group,diagnostic_outcome_mapping_reason,direction,direction_confidence,direction_rule_version,direction_source,entry_price,fvg_ifvg_near_20p,hour,liquidity_htf_recent_level,m1_body_ratio,m1_close_high_ge_0_70,m1_close_location,m1_large_body_ge_0_60,nearest_fvg_ifvg_distance_pips,nearest_fvg_ifvg_zone_high,nearest_fvg_ifvg_zone_low,nearest_fvg_ifvg_zone_type,nearest_liquidity_distance_pips,nearest_liquidity_level,nearest_liquidity_type_timeframe,pre_entry_only,sample_id,sample_source,session,symbol,used_post_entry_data_for_direction,visual_html_path
sample_001,ROUND_LEVEL,2026-01-29,2026-01-29T14:30:00+00:00,MIXED_REACTION,AUTOMATIC_LABEL_NO_REACTION_MAPPED_TO_MIXED_REACTION,SHORT,2,adelin_v2_pre_decision_sweep_v1,M5,5530.0,True,14,False,,False,,False,0.0,5531.75,5526.35,FVG_BULLISH,129.9,5542.99,M5_RECENT_HIGH,True,sample_001,EXISTING_EXPANDED_OBJECTIVE_REPLAY,NEW_YORK_OPEN,XAUUSD,False,examples/sample_001.html
sample_002,SWEEP_EXTREME,2026-01-29,2026-01-29T18:45:00+00:00,GOOD_FAST_REACTION,AUTOMATIC_LABEL_GOOD_FAST_REACTION,SHORT,3,adelin_v2_pre_decision_sweep_v1,M5,5311.19,False,18,False,0.881849,False,0.07363,True,165.9,5294.6,5257.96,FVG_BEARISH,2114.4,5522.63,M5_RECENT_HIGH,True,sample_002,EXISTING_EXPANDED_OBJECTIVE_REPLAY,OTHER,XAUUSD,False,examples/sample_002.html
sample_004,ROUND_LEVEL,2026-02-02,2026-02-02T06:45:00+00:00,FAST_FAILURE,AUTOMATIC_LABEL_FAST_SL_20_MAPPED_TO_FAST_FAILURE,SHORT,3,adelin_v2_pre_decision_sweep_v1,M5,4680.0,True,6,False,0.403846,False,0.657692,False,0.0,4731.53,4661.57,FVG_BEARISH,761.6,4603.84,M5_RECENT_LOW,True,sample_004,EXISTING_EXPANDED_OBJECTIVE_REPLAY,LONDON,XAUUSD,False,examples/sample_004.html
sample_008,ROUND_LEVEL,2026-03-02,2026-03-02T03:00:00+00:00,FAST_FAILURE,AUTOMATIC_LABEL_FAST_SL_20_MAPPED_TO_FAST_FAILURE,LONG,3,adelin_v2_pre_decision_sweep_v1,M5,5340.0,False,3,True,0.917676,False,0.071429,True,152.3,5361.38,5355.23,FVG_BEARISH,371.9,5302.81,H1_RECENT_LOW,True,sample_008,EXISTING_EXPANDED_OBJECTIVE_REPLAY,ASIA,XAUUSD,False,examples/sample_008.html
sample_009,SWEEP_EXTREME,2026-03-02,2026-03-02T07:15:00+00:00,MIXED_REACTION,AUTOMATIC_LABEL_GOOD_SLOW_REACTION_MAPPED_TO_MIXED_REACTION,LONG,3,adelin_v2_pre_decision_sweep_v1,M5,5345.23,False,7,False,0.768802,False,0.050139,True,20.3,5343.2,5342.96,FVG_BULLISH,0.0,5345.23,M5_RECENT_LOW,True,sample_009,EXISTING_EXPANDED_OBJECTIVE_REPLAY,LONDON,XAUUSD,False,examples/sample_009.html
sample_012,ROUND_LEVEL,2026-04-01,2026-04-01T06:00:00+00:00,FAST_FAILURE,AUTOMATIC_LABEL_FAST_SL_20_MAPPED_TO_FAST_FAILURE,LONG,2,adelin_v2_pre_decision_sweep_v1,M5,4690.0,True,6,False,0.644928,False,0.333333,True,0.0,4690.78,4688.13,FVG_BEARISH,117.2,4678.28,M5_RECENT_LOW,True,sample_012,EXISTING_EXPANDED_OBJECTIVE_REPLAY,LONDON,XAUUSD,False,examples/sample_012.html
sample_013,SWEEP_EXTREME,2026-04-01,2026-04-01T01:15:00+00:00,GOOD_FAST_REACTION,AUTOMATIC_LABEL_GOOD_FAST_REACTION,LONG,3,adelin_v2_pre_decision_sweep_v1,M5,4663.03,False,1,False,0.904306,True,0.945774,True,89.3,4672.84,4671.96,FVG_BULLISH,1.2,4662.91,M5_RECENT_LOW,True,sample_013,EXISTING_EXPANDED_OBJECTIVE_REPLAY,ASIA,XAUUSD,False,examples/sample_013.html
sample_016,ROUND_LEVEL,2026-05-01,2026-05-01T01:45:00+00:00,FAST_FAILURE,AUTOMATIC_LABEL_FAST_SL_20_MAPPED_TO_FAST_FAILURE,SHORT,2,adelin_v2_pre_decision_sweep_v1,M5,4630.0,False,1,True,0.615385,True,1.0,True,37.0,4626.3,4618.08,FVG_BULLISH,27.7,4632.77,M15_RECENT_HIGH,True,sample_016,EXISTING_EXPANDED_OBJECTIVE_REPLAY,ASIA,XAUUSD,False,examples/sample_016.html
sample_020,ROUND_LEVEL,2026-01-30,2026-01-30T05:15:00+00:00,FAST_FAILURE,AUTOMATIC_LABEL_FAST_SL_20_MAPPED_TO_FAST_FAILURE,LONG,2,adelin_v2_pre_decision_sweep_v1,M5,5200.0,True,5,True,0.055258,True,0.800429,False,0.0,5205.78,5185.1,FVG_BULLISH,876.6,5112.34,M15_RECENT_LOW,True,sample_020,EXISTING_EXPANDED_OBJECTIVE_REPLAY,ASIA,XAUUSD,False,examples/sample_020.html
sample_021,SWEEP_EXTREME,2026-01-30,2026-01-30T09:30:00+00:00,GOOD_FAST_REACTION,AUTOMATIC_LABEL_GOOD_FAST_REACTION,SHORT,3,adelin_v2_pre_decision_sweep_v1,M5,5186.51,True,9,False,0.432648,False,0.237443,False,0.0,5195.53,5181.04,FVG_BEARISH,532.1,5239.72,M5_RECENT_HIGH,True,sample_021,EXISTING_EXPANDED_OBJECTIVE_REPLAY,LONDON,XAUUSD,False,examples/sample_021.html
sample_022,ROUND_LEVEL,2026-02-02,2026-02-02T11:15:00+00:00,GOOD_FAST_REACTION,AUTOMATIC_LABEL_GOOD_FAST_REACTION,SHORT,3,adelin_v2_pre_decision_sweep_v1,M5,4690.0,True,11,False,0.685976,True,0.827744,True,0.0,4693.98,4679.97,FVG_BEARISH,317.8,4658.22,M5_RECENT_HIGH,True,sample_022,EXISTING_EXPANDED_OBJECTIVE_REPLAY,LONDON,XAUUSD,False,examples/sample_022.html
sample_026,ROUND_LEVEL,2026-03-02,2026-03-02T12:00:00+00:00,FAST_FAILURE,AUTOMATIC_LABEL_FAST_SL_20_MAPPED_TO_FAST_FAILURE,LONG,3,adelin_v2_pre_decision_sweep_v1,M5,5390.0,True,12,False,0.459091,False,0.609091,False,3.5,5396.15,5390.35,FVG_BULLISH,39.0,5386.1,M5_RECENT_LOW,True,sample_026,EXISTING_EXPANDED_OBJECTIVE_REPLAY,NEW_YORK,XAUUSD,False,examples/sample_026.html
sample_027,SWEEP_EXTREME,2026-03-02,2026-03-02T16:30:00+00:00,GOOD_FAST_REACTION,AUTOMATIC_LABEL_GOOD_FAST_REACTION,LONG,2,adelin_v2_pre_decision_sweep_v1,M5,5324.65,False,16,True,0.119205,False,0.298013,False,277.2,5361.14,5352.37,FVG_BEARISH,173.8,5307.27,M15_RECENT_LOW,True,sample_027,EXISTING_EXPANDED_OBJECTIVE_REPLAY,NEW_YORK,XAUUSD,False,examples/sample_027.html
sample_030,ROUND_LEVEL,2026-04-01,2026-04-01T22:00:00+00:00,CHOP_AFTER_ENTRY,AUTOMATIC_LABEL_GOOD_SLOW_REACTION_WITH_DIRTY_CHOP,SHORT,3,adelin_v2_pre_decision_sweep_v1,M5,4760.0,False,22,False,0.14539,False,0.333333,False,44.3,4767.09,4764.43,FVG_BEARISH,178.6,4742.14,M5_RECENT_LOW,True,sample_030,EXISTING_EXPANDED_OBJECTIVE_REPLAY,ASIA,XAUUSD,False,examples/sample_030.html
sample_031,SWEEP_EXTREME,2026-04-01,2026-04-01T10:30:00+00:00,GOOD_FAST_REACTION,AUTOMATIC_LABEL_GOOD_FAST_REACTION,SHORT,3,adelin_v2_pre_decision_sweep_v1,M5,4733.22,False,10,True,0.256705,True,0.766284,False,66.8,4726.54,4723.31,FVG_BEARISH,0.0,4733.22,M15_RECENT_HIGH,True,sample_031,EXISTING_EXPANDED_OBJECTIVE_REPLAY,LONDON,XAUUSD,False,examples/sample_031.html
sample_034,ROUND_LEVEL,2026-05-01,2026-05-01T12:30:00+00:00,FAST_FAILURE,AUTOMATIC_LABEL_FAST_SL_20_MAPPED_TO_FAST_FAILURE,SHORT,2,adelin_v2_pre_decision_sweep_v1,M5,4570.0,True,12,True,0.725806,False,0.037634,True,0.0,4570.92,4569.24,FVG_BEARISH,57.6,4564.24,M15_RECENT_LOW,True,sample_034,EXISTING_EXPANDED_OBJECTIVE_REPLAY,NEW_YORK,XAUUSD,False,examples/sample_034.html
sample_037,ROUND_LEVEL,2026-01-30,2026-01-30T14:15:00+00:00,FAST_FAILURE,AUTOMATIC_LABEL_FAST_SL_20_MAPPED_TO_FAST_FAILURE,SHORT,3,adelin_v2_pre_decision_sweep_v1,M5,5120.0,True,14,False,0.283988,False,0.216012,False,0.0,5152.06,5098.04,FVG_BEARISH,257.4,5145.74,M5_RECENT_HIGH,True,sample_037,EXISTING_EXPANDED_OBJECTIVE_REPLAY,NEW_YORK_OPEN,XAUUSD,False,examples/sample_037.html
sample_038,SWEEP_EXTREME,2026-01-30,2026-01-30T18:30:00+00:00,GOOD_FAST_REACTION,AUTOMATIC_LABEL_GOOD_FAST_REACTION,LONG,3,adelin_v2_pre_decision_sweep_v1,M5,4987.5,False,18,True,0.650997,False,0.202279,True,237.7,5028.69,5011.27,FVG_BEARISH,69.0,4980.6,M15_RECENT_LOW,True,sample_038,EXISTING_EXPANDED_OBJECTIVE_REPLAY,OTHER,XAUUSD,False,examples/sample_038.html
sample_039,ROUND_LEVEL,2026-02-03,2026-02-03T06:30:00+00:00,FAST_FAILURE,AUTOMATIC_LABEL_FAST_SL_20_MAPPED_TO_FAST_FAILURE,LONG,2,adelin_v2_pre_decision_sweep_v1,M5,4820.0,True,6,False,0.097744,True,0.819549,False,0.0,4823.47,4812.26,FVG_BULLISH,51.1,4825.11,M5_RECENT_HIGH,True,sample_039,EXISTING_EXPANDED_OBJECTIVE_REPLAY,LONDON,XAUUSD,False,examples/sample_039.html
sample_043,ROUND_LEVEL,2026-03-03,2026-03-03T06:30:00+00:00,FAST_FAILURE,AUTOMATIC_LABEL_FAST_SL_20_MAPPED_TO_FAST_FAILURE,SHORT,3,adelin_v2_pre_decision_sweep_v1,M5,5370.0,True,6,False,0.338129,False,0.165468,False,0.0,5371.1,5369.82,FVG_BULLISH,56.0,5375.6,M5_RECENT_HIGH,True,sample_043,EXISTING_EXPANDED_OBJECTIVE_REPLAY,LONDON,XAUUSD,False,examples/sample_043.html
sample_044,SWEEP_EXTREME,2026-03-03,2026-03-03T11:00:00+00:00,GOOD_FAST_REACTION,AUTOMATIC_LABEL_GOOD_FAST_REACTION,LONG,2,adelin_v2_pre_decision_sweep_v1,M5,5291.93,False,11,False,0.067227,True,0.922689,False,107.0,5304.92,5302.63,FVG_BEARISH,16.0,5290.33,M5_RECENT_LOW,True,sample_044,EXISTING_EXPANDED_OBJECTIVE_REPLAY,LONDON,XAUUSD,False,examples/sample_044.html
sample_047,ROUND_LEVEL,2026-04-02,2026-04-02T02:30:00+00:00,FAST_FAILURE,AUTOMATIC_LABEL_FAST_SL_20_MAPPED_TO_FAST_FAILURE,SHORT,3,adelin_v2_pre_decision_sweep_v1,M5,4790.0,True,2,True,0.246667,False,0.673333,False,15.7,4791.86,4791.57,FVG_BULLISH,90.0,4799.0,M15_RECENT_HIGH,True,sample_047,EXISTING_EXPANDED_OBJECTIVE_REPLAY,ASIA,XAUUSD,False,examples/sample_047.html
sample_050,ROUND_LEVEL,2026-05-04,2026-05-04T06:00:00+00:00,CHOP_AFTER_ENTRY,AUTOMATIC_LABEL_GOOD_SLOW_REACTION_WITH_DIRTY_CHOP,SHORT,2,adelin_v2_pre_decision_sweep_v1,M5,4610.0,True,6,False,0.929461,False,0.045643,True,0.0,4610.01,4609.5,FVG_BEARISH,86.8,4618.68,M5_RECENT_HIGH,True,sample_050,EXISTING_EXPANDED_OBJECTIVE_REPLAY,LONDON,XAUUSD,False,examples/sample_050.html
sample_051,SWEEP_EXTREME,2026-05-01,2026-05-01T21:30:00+00:00,GOOD_FAST_REACTION,AUTOMATIC_LABEL_GOOD_FAST_REACTION,LONG,3,adelin_v2_pre_decision_sweep_v1,M5,4613.63,True,21,False,0.411043,True,0.920245,False,0.0,4616.38,4609.37,FVG_BULLISH,0.0,4613.63,M5_RECENT_LOW,True,sample_051,EXISTING_EXPANDED_OBJECTIVE_REPLAY,OTHER,XAUUSD,False,examples/sample_051.html
sample_053,ROUND_LEVEL,2026-02-04,2026-02-04T05:45:00+00:00,CHOP_AFTER_ENTRY,AUTOMATIC_LABEL_GOOD_SLOW_REACTION_WITH_DIRTY_CHOP,SHORT,3,adelin_v2_pre_decision_sweep_v1,M5,5070.0,False,5,True,0.792683,False,0.065041,True,76.8,5062.32,5062.16,FVG_BULLISH,23.9,5072.39,M15_RECENT_HIGH,True,sample_053,EXISTING_EXPANDED_OBJECTIVE_REPLAY,ASIA,XAUUSD,False,examples/sample_053.html
sample_054,SWEEP_EXTREME,2026-02-03,2026-02-03T14:30:00+00:00,GOOD_FAST_REACTION,AUTOMATIC_LABEL_GOOD_FAST_REACTION,LONG,3,adelin_v2_pre_decision_sweep_v1,M5,4892.4,True,14,False,0.78211,True,0.787844,True,5.5,4898.73,4892.95,FVG_BULLISH,86.0,4883.8,M5_RECENT_LOW,True,sample_054,EXISTING_EXPANDED_OBJECTIVE_REPLAY,NEW_YORK_OPEN,XAUUSD,False,examples/sample_054.html
sample_057,ROUND_LEVEL,2026-03-03,2026-03-03T17:00:00+00:00,FAST_FAILURE,AUTOMATIC_LABEL_FAST_SL_20_MAPPED_TO_FAST_FAILURE,LONG,3,adelin_v2_pre_decision_sweep_v1,M5,5040.0,False,17,True,0.669291,False,0.176378,True,181.5,5061.89,5058.15,FVG_BEARISH,241.6,5015.84,H1_RECENT_LOW,True,sample_057,EXISTING_EXPANDED_OBJECTIVE_REPLAY,OTHER,XAUUSD,False,examples/sample_057.html
sample_061,ROUND_LEVEL,2026-04-02,2026-04-02T08:00:00+00:00,FAST_FAILURE,AUTOMATIC_LABEL_FAST_SL_20_MAPPED_TO_FAST_FAILURE,SHORT,3,adelin_v2_pre_decision_sweep_v1,M5,4670.0,True,8,False,0.802956,True,0.935961,True,6.7,4688.28,4670.67,FVG_BEARISH,128.7,4657.13,M5_RECENT_LOW,True,sample_061,EXISTING_EXPANDED_OBJECTIVE_REPLAY,LONDON,XAUUSD,False,examples/sample_061.html
sample_064,ROUND_LEVEL,2026-05-04,2026-05-04T11:00:00+00:00,FAST_FAILURE,AUTOMATIC_LABEL_FAST_SL_20_MAPPED_TO_FAST_FAILURE,LONG,2,adelin_v2_pre_decision_sweep_v1,M5,4580.0,False,11,True,0.575145,False,0.297688,False,31.8,4586.77,4583.18,FVG_BEARISH,20.7,4577.93,H1_RECENT_LOW,True,sample_064,EXISTING_EXPANDED_OBJECTIVE_REPLAY,NEW_YORK,XAUUSD,False,examples/sample_064.html
sample_065,SWEEP_EXTREME,2026-05-04,2026-05-04T01:15:00+00:00,GOOD_FAST_REACTION,AUTOMATIC_LABEL_GOOD_FAST_REACTION,SHORT,2,adelin_v2_pre_decision_sweep_v1,M1,4628.63,False,1,True,0.791531,True,0.791531,True,,,,,0.0,4628.63,M15_RECENT_HIGH,True,sample_065,EXISTING_EXPANDED_OBJECTIVE_REPLAY,ASIA,XAUUSD,False,examples/sample_065.html
sample_067,ROUND_LEVEL,2026-02-04,2026-02-04T11:45:00+00:00,FAST_FAILURE,AUTOMATIC_LABEL_FAST_SL_20_MAPPED_TO_FAST_FAILURE,LONG,3,adelin_v2_pre_decision_sweep_v1,M5,5060.0,False,11,True,0.852151,False,0.137097,True,50.7,5065.4,5065.07,FVG_BEARISH,168.3,5043.17,M15_RECENT_LOW,True,sample_067,EXISTING_EXPANDED_OBJECTIVE_REPLAY,LONDON,XAUUSD,False,examples/sample_067.html
sample_068,SWEEP_EXTREME,2026-02-03,2026-02-03T19:15:00+00:00,GOOD_FAST_REACTION,AUTOMATIC_LABEL_GOOD_FAST_REACTION,LONG,3,adelin_v2_pre_decision_sweep_v1,M5,4923.46,True,19,False,0.116811,False,0.696922,False,0.0,4925.6,4917.3,FVG_BULLISH,154.2,4908.04,M5_RECENT_LOW,True,sample_068,EXISTING_EXPANDED_OBJECTIVE_REPLAY,OTHER,XAUUSD,False,examples/sample_068.html
sample_071,ROUND_LEVEL,2026-03-04,2026-03-04T09:30:00+00:00,CHOP_AFTER_ENTRY,AUTOMATIC_LABEL_GOOD_SLOW_REACTION_WITH_DIRTY_CHOP,SHORT,2,adelin_v2_pre_decision_sweep_v1,M5,5170.0,True,9,False,0.846519,False,0.026899,True,6.2,5172.11,5170.62,FVG_BEARISH,59.8,5175.98,M5_RECENT_HIGH,True,sample_071,EXISTING_EXPANDED_OBJECTIVE_REPLAY,LONDON,XAUUSD,False,examples/sample_071.html
sample_072,SWEEP_EXTREME,2026-03-04,2026-03-04T13:30:00+00:00,FAST_FAILURE,AUTOMATIC_LABEL_FAST_SL_20_MAPPED_TO_FAST_FAILURE,SHORT,2,adelin_v2_pre_decision_sweep_v1,M5,5197.67,False,13,True,0.257669,False,0.484663,False,81.8,5189.49,5186.49,FVG_BULLISH,49.1,5202.58,M15_RECENT_HIGH,True,sample_072,EXISTING_EXPANDED_OBJECTIVE_REPLAY,NEW_YORK,XAUUSD,False,examples/sample_072.html
sample_076,SWEEP_EXTREME,2026-04-02,2026-04-02T17:00:00+00:00,FAST_FAILURE,AUTOMATIC_LABEL_FAST_SL_20_MAPPED_TO_FAST_FAILURE,SHORT,3,adelin_v2_pre_decision_sweep_v1,M5,4643.82,False,17,True,0.165975,False,0.688797,False,75.1,4636.31,4634.46,FVG_BEARISH,76.4,4651.46,M15_RECENT_HIGH,True,sample_076,EXISTING_EXPANDED_OBJECTIVE_REPLAY,OTHER,XAUUSD,False,examples/sample_076.html
sample_078,ROUND_LEVEL,2026-05-04,2026-05-04T15:30:00+00:00,CHOP_AFTER_ENTRY,AUTOMATIC_LABEL_GOOD_SLOW_REACTION_WITH_DIRTY_CHOP,SHORT,3,adelin_v2_pre_decision_sweep_v1,M5,4570.0,True,15,False,0.550186,False,0.237918,False,0.0,4572.33,4560.22,FVG_BEARISH,93.2,4579.32,M5_RECENT_HIGH,True,sample_078,EXISTING_EXPANDED_OBJECTIVE_REPLAY,NEW_YORK,XAUUSD,False,examples/sample_078.html
sample_079,SWEEP_EXTREME,2026-05-04,2026-05-04T20:15:00+00:00,GOOD_FAST_REACTION,AUTOMATIC_LABEL_GOOD_FAST_REACTION,LONG,2,adelin_v2_pre_decision_sweep_v1,M5,4507.49,False,20,True,0.821522,False,0.091864,True,42.4,4520.52,4511.73,FVG_BULLISH,65.1,4500.98,H1_RECENT_LOW,True,sample_079,EXISTING_EXPANDED_OBJECTIVE_REPLAY,OTHER,XAUUSD,False,examples/sample_079.html
sample_081,ROUND_LEVEL,2026-02-04,2026-02-04T20:00:00+00:00,FAST_FAILURE,AUTOMATIC_LABEL_FAST_SL_20_MAPPED_TO_FAST_FAILURE,LONG,3,adelin_v2_pre_decision_sweep_v1,M5,4910.0,True,20,False,0.670384,False,0.228005,True,0.4,4914.08,4910.04,FVG_BEARISH,302.2,4940.22,M5_RECENT_HIGH,True,sample_081,EXISTING_EXPANDED_OBJECTIVE_REPLAY,OTHER,XAUUSD,False,examples/sample_081.html
sample_082,SWEEP_EXTREME,2026-02-05,2026-02-05T01:30:00+00:00,FAST_FAILURE,AUTOMATIC_LABEL_FAST_SL_20_MAPPED_TO_FAST_FAILURE,SHORT,2,adelin_v2_pre_decision_sweep_v1,M5,5017.32,False,1,True,0.248908,False,0.28821,False,120.2,5005.3,4999.18,FVG_BULLISH,40.6,5021.38,M15_RECENT_HIGH,True,sample_082,EXISTING_EXPANDED_OBJECTIVE_REPLAY,ASIA,XAUUSD,False,examples/sample_082.html
sample_085,ROUND_LEVEL,2026-03-04,2026-03-04T18:45:00+00:00,CHOP_AFTER_ENTRY,AUTOMATIC_LABEL_GOOD_SLOW_REACTION_WITH_DIRTY_CHOP,SHORT,3,adelin_v2_pre_decision_sweep_v1,M5,5150.0,True,18,True,0.95528,False,0.016149,True,0.0,5152.31,5144.25,FVG_BEARISH,187.0,5131.3,M15_RECENT_LOW,True,sample_085,EXISTING_EXPANDED_OBJECTIVE_REPLAY,OTHER,XAUUSD,False,examples/sample_085.html
sample_089,ROUND_LEVEL,2026-04-06,2026-04-06T06:15:00+00:00,CHOP_AFTER_ENTRY,AUTOMATIC_LABEL_GOOD_SLOW_REACTION_WITH_DIRTY_CHOP,LONG,2,adelin_v2_pre_decision_sweep_v1,M5,4630.0,False,6,False,0.547672,True,1.0,False,20.7,4637.7,4632.07,FVG_BULLISH,95.5,4620.45,M5_RECENT_LOW,True,sample_089,EXISTING_EXPANDED_OBJECTIVE_REPLAY,LONDON,XAUUSD,False,examples/sample_089.html
sample_092,ROUND_LEVEL,2026-05-05,2026-05-05T01:15:00+00:00,FAST_FAILURE,AUTOMATIC_LABEL_FAST_SL_20_MAPPED_TO_FAST_FAILURE,LONG,3,adelin_v2_pre_decision_sweep_v1,M5,4520.0,True,1,False,0.698864,False,0.079545,True,0.0,4520.62,4518.96,FVG_BEARISH,22.1,4517.79,M5_RECENT_LOW,True,sample_092,EXISTING_EXPANDED_OBJECTIVE_REPLAY,ASIA,XAUUSD,False,examples/sample_092.html
sample_093,SWEEP_EXTREME,2026-05-05,2026-05-05T05:45:00+00:00,FAST_FAILURE,AUTOMATIC_LABEL_FAST_SL_20_MAPPED_TO_FAST_FAILURE,SHORT,2,adelin_v2_pre_decision_sweep_v1,M5,4543.79,False,5,True,0.678571,False,0.232143,True,36.5,4540.14,4538.31,FVG_BULLISH,20.3,4545.82,M15_RECENT_HIGH,True,sample_093,EXISTING_EXPANDED_OBJECTIVE_REPLAY,LONDON,XAUUSD,False,examples/sample_093.html
sample_094,ROUND_LEVEL,2026-02-05,2026-02-05T08:15:00+00:00,GOOD_FAST_REACTION,AUTOMATIC_LABEL_GOOD_FAST_REACTION,SHORT,3,adelin_v2_pre_decision_sweep_v1,M5,4930.0,True,8,False,0.599719,False,0.400281,False,0.0,4932.09,4922.08,FVG_BEARISH,95.1,4920.49,M5_RECENT_HIGH,True,sample_094,EXISTING_EXPANDED_OBJECTIVE_REPLAY,LONDON_OPEN,XAUUSD,False,examples/sample_094.html
sample_095,SWEEP_EXTREME,2026-02-05,2026-02-05T13:45:00+00:00,GOOD_FAST_REACTION,AUTOMATIC_LABEL_GOOD_FAST_REACTION,SHORT,3,adelin_v2_pre_decision_sweep_v1,M5,4894.57,True,13,False,0.356725,False,0.435673,False,0.0,4903.6,4888.69,FVG_BEARISH,0.0,4894.57,M5_RECENT_HIGH,True,sample_095,EXISTING_EXPANDED_OBJECTIVE_REPLAY,NEW_YORK,XAUUSD,False,examples/sample_095.html
sample_098,ROUND_LEVEL,2026-03-05,2026-03-05T09:30:00+00:00,CHOP_AFTER_ENTRY,AUTOMATIC_LABEL_GOOD_SLOW_REACTION_WITH_DIRTY_CHOP,LONG,3,adelin_v2_pre_decision_sweep_v1,M5,5160.0,True,9,False,0.755319,True,0.755319,True,0.7,5162.04,5160.07,FVG_BEARISH,143.8,5174.38,M5_RECENT_HIGH,True,sample_098,EXISTING_EXPANDED_OBJECTIVE_REPLAY,LONDON,XAUUSD,False,examples/sample_098.html
sample_099,SWEEP_EXTREME,2026-03-05,2026-03-05T14:15:00+00:00,GOOD_FAST_REACTION,AUTOMATIC_LABEL_GOOD_FAST_REACTION,SHORT,2,adelin_v2_pre_decision_sweep_v1,M5,5171.53,True,14,False,0.966555,False,0.016722,True,0.0,5173.01,5167.73,FVG_BULLISH,0.0,5171.53,M5_RECENT_HIGH,True,sample_099,EXISTING_EXPANDED_OBJECTIVE_REPLAY,NEW_YORK_OPEN,XAUUSD,False,examples/sample_099.html
sample_102,ROUND_LEVEL,2026-04-06,2026-04-06T11:00:00+00:00,CHOP_AFTER_ENTRY,AUTOMATIC_LABEL_GOOD_SLOW_REACTION_WITH_DIRTY_CHOP,SHORT,3,adelin_v2_pre_decision_sweep_v1,M5,4690.0,False,11,True,0.510949,False,0.375912,False,94.6,4680.54,4672.19,FVG_BULLISH,17.1,4688.29,H1_RECENT_HIGH,True,sample_102,EXISTING_EXPANDED_OBJECTIVE_REPLAY,NEW_YORK,XAUUSD,False,examples/sample_102.html
sample_103,SWEEP_EXTREME,2026-04-06,2026-04-06T15:00:00+00:00,CHOP_AFTER_ENTRY,AUTOMATIC_LABEL_GOOD_SLOW_REACTION_WITH_DIRTY_CHOP,LONG,3,adelin_v2_pre_decision_sweep_v1,M5,4678.79,True,15,False,0.112583,False,0.569536,False,0.0,4680.54,4672.19,FVG_BULLISH,17.1,4677.08,M5_RECENT_LOW,True,sample_103,EXISTING_EXPANDED_OBJECTIVE_REPLAY,NEW_YORK,XAUUSD,False,examples/sample_103.html
sample_104,ROUND_LEVEL,2026-05-05,2026-05-05T11:30:00+00:00,FAST_FAILURE,AUTOMATIC_LABEL_FAST_SL_20_MAPPED_TO_FAST_FAILURE,SHORT,2,adelin_v2_pre_decision_sweep_v1,M5,4550.0,True,11,True,0.918495,False,0.015674,True,0.0,4551.23,4548.1,FVG_BEARISH,83.1,4558.31,M15_RECENT_HIGH,True,sample_104,EXISTING_EXPANDED_OBJECTIVE_REPLAY,NEW_YORK,XAUUSD,False,examples/sample_104.html
sample_105,SWEEP_EXTREME,2026-05-05,2026-05-05T15:30:00+00:00,MIXED_REACTION,AUTOMATIC_LABEL_MFE_GOOD_BUT_BE_REQUIRED_MAPPED_TO_MIXED_REACTION,SHORT,2,adelin_v2_pre_decision_sweep_v1,M5,4574.31,False,15,True,0.141509,True,0.754717,False,29.7,4571.34,4566.56,FVG_BULLISH,0.0,4574.31,M15_RECENT_HIGH,True,sample_105,EXISTING_EXPANDED_OBJECTIVE_REPLAY,NEW_YORK,XAUUSD,False,examples/sample_105.html
sample_106,ROUND_LEVEL,2026-02-05,2026-02-05T18:15:00+00:00,GOOD_FAST_REACTION,AUTOMATIC_LABEL_GOOD_FAST_REACTION,SHORT,3,adelin_v2_pre_decision_sweep_v1,M5,4850.0,True,18,False,0.587597,False,0.088372,False,0.0,4850.29,4846.8,FVG_BULLISH,199.9,4869.99,M5_RECENT_HIGH,True,sample_106,EXISTING_EXPANDED_OBJECTIVE_REPLAY,OTHER,XAUUSD,False,examples/sample_106.html
sample_109,ROUND_LEVEL,2026-03-05,2026-03-05T20:45:00+00:00,FAST_FAILURE,AUTOMATIC_LABEL_FAST_SL_20_MAPPED_TO_FAST_FAILURE,SHORT,3,adelin_v2_pre_decision_sweep_v1,M5,5070.0,True,20,True,0.094937,True,0.886076,False,0.0,5074.92,5069.32,FVG_BEARISH,191.2,5050.88,H1_RECENT_LOW,True,sample_109,EXISTING_EXPANDED_OBJECTIVE_REPLAY,OTHER,XAUUSD,False,examples/sample_109.html
sample_110,SWEEP_EXTREME,2026-03-06,2026-03-06T07:45:00+00:00,FAST_FAILURE,AUTOMATIC_LABEL_FAST_SL_20_MAPPED_TO_FAST_FAILURE,LONG,2,adelin_v2_pre_decision_sweep_v1,M5,5119.18,True,7,False,0.538012,False,0.345029,False,12.1,5121.14,5120.39,FVG_BULLISH,0.0,5119.18,M5_RECENT_LOW,True,sample_110,EXISTING_EXPANDED_OBJECTIVE_REPLAY,LONDON_OPEN,XAUUSD,False,examples/sample_110.html
sample_112,ROUND_LEVEL,2026-04-06,2026-04-06T19:00:00+00:00,FAST_FAILURE,AUTOMATIC_LABEL_FAST_SL_20_MAPPED_TO_FAST_FAILURE,LONG,3,adelin_v2_pre_decision_sweep_v1,M1,4670.0,True,19,True,0.723602,True,0.723602,True,0.0,4670.42,4667.79,FVG_BULLISH,181.6,4651.84,M15_RECENT_LOW,True,sample_112,EXISTING_EXPANDED_OBJECTIVE_REPLAY,OTHER,XAUUSD,False,examples/sample_112.html
sample_113,SWEEP_EXTREME,2026-04-07,2026-04-07T03:00:00+00:00,CHOP_AFTER_ENTRY,AUTOMATIC_LABEL_GOOD_SLOW_REACTION_WITH_DIRTY_CHOP,LONG,3,adelin_v2_pre_decision_sweep_v1,M5,4651.42,True,3,False,0.262443,False,0.262443,False,7.9,4653.72,4652.21,FVG_BULLISH,29.7,4648.45,M5_RECENT_LOW,True,sample_113,EXISTING_EXPANDED_OBJECTIVE_REPLAY,ASIA,XAUUSD,False,examples/sample_113.html
sample_114,ROUND_LEVEL,2026-05-05,2026-05-05T20:30:00+00:00,FAST_FAILURE,AUTOMATIC_LABEL_FAST_SL_20_MAPPED_TO_FAST_FAILURE,LONG,2,adelin_v2_pre_decision_sweep_v1,M5,4560.0,True,20,True,0.14433,False,0.561856,False,0.3,4559.97,4558.07,FVG_BULLISH,68.4,4553.16,M15_RECENT_LOW,True,sample_114,EXISTING_EXPANDED_OBJECTIVE_REPLAY,OTHER,XAUUSD,False,examples/sample_114.html
sample_116,ROUND_LEVEL,2026-02-06,2026-02-06T09:00:00+00:00,FAST_FAILURE,AUTOMATIC_LABEL_FAST_SL_20_MAPPED_TO_FAST_FAILURE,LONG,3,adelin_v2_pre_decision_sweep_v1,M5,4850.0,True,9,False,0.724092,True,0.90175,True,14.0,4848.6,4847.71,FVG_BEARISH,421.9,4807.81,M5_RECENT_LOW,True,sample_116,EXISTING_EXPANDED_OBJECTIVE_REPLAY,LONDON,XAUUSD,False,examples/sample_116.html
sample_117,SWEEP_EXTREME,2026-02-09,2026-02-09T01:15:00+00:00,GOOD_FAST_REACTION,AUTOMATIC_LABEL_GOOD_FAST_REACTION,LONG,2,adelin_v2_pre_decision_sweep_v1,M5,4965.15,False,1,True,0.655229,True,1.0,True,,,,,0.0,4965.15,H1_RECENT_LOW,True,sample_117,EXISTING_EXPANDED_OBJECTIVE_REPLAY,ASIA_OPEN,XAUUSD,False,examples/sample_117.html
sample_119,ROUND_LEVEL,2026-03-09,2026-03-09T06:30:00+00:00,FAST_FAILURE,AUTOMATIC_LABEL_FAST_SL_20_MAPPED_TO_FAST_FAILURE,LONG,2,adelin_v2_pre_decision_sweep_v1,M5,5090.0,True,6,False,0.008368,False,0.447699,False,0.0,5094.48,5075.2,FVG_BEARISH,124.5,5102.45,M5_RECENT_HIGH,True,sample_119,EXISTING_EXPANDED_OBJECTIVE_REPLAY,LONDON,XAUUSD,False,examples/sample_119.html
sample_120,SWEEP_EXTREME,2026-03-09,2026-03-09T11:45:00+00:00,GOOD_FAST_REACTION,AUTOMATIC_LABEL_GOOD_FAST_REACTION,SHORT,3,adelin_v2_pre_decision_sweep_v1,M5,5132.61,False,11,False,0.998058,False,0.001942,True,64.0,5126.21,5121.36,FVG_BULLISH,0.0,5132.61,M5_RECENT_HIGH,True,sample_120,EXISTING_EXPANDED_OBJECTIVE_REPLAY,LONDON,XAUUSD,False,examples/sample_120.html
sample_121,ROUND_LEVEL,2026-04-07,2026-04-07T07:15:00+00:00,FAST_FAILURE,AUTOMATIC_LABEL_FAST_SL_20_MAPPED_TO_FAST_FAILURE,SHORT,2,adelin_v2_pre_decision_sweep_v1,M5,4650.0,True,7,False,0.252525,True,0.818182,False,0.0,4650.7,4647.2,FVG_BEARISH,41.4,4654.14,M5_RECENT_HIGH,True,sample_121,EXISTING_EXPANDED_OBJECTIVE_REPLAY,LONDON_OPEN,XAUUSD,False,examples/sample_121.html
sample_122,SWEEP_EXTREME,2026-04-07,2026-04-07T12:00:00+00:00,CHOP_AFTER_ENTRY,AUTOMATIC_LABEL_GOOD_SLOW_REACTION_WITH_DIRTY_CHOP,SHORT,2,adelin_v2_pre_decision_sweep_v1,M5,4690.81,False,12,True,0.782723,False,0.204188,True,132.0,4677.61,4664.42,FVG_BULLISH,0.0,4690.81,M15_RECENT_HIGH,True,sample_122,EXISTING_EXPANDED_OBJECTIVE_REPLAY,NEW_YORK,XAUUSD,False,examples/sample_122.html
sample_123,ROUND_LEVEL,2026-05-06,2026-05-06T08:15:00+00:00,FAST_FAILURE,AUTOMATIC_LABEL_FAST_SL_20_MAPPED_TO_FAST_FAILURE,SHORT,2,adelin_v2_pre_decision_sweep_v1,M5,4650.0,True,8,True,0.18617,False,0.271277,False,6.9,4649.31,4646.59,FVG_BULLISH,64.1,4656.41,M15_RECENT_HIGH,True,sample_123,EXISTING_EXPANDED_OBJECTIVE_REPLAY,LONDON,XAUUSD,False,examples/sample_123.html
sample_125,ROUND_LEVEL,2026-02-09,2026-02-09T07:15:00+00:00,FAST_FAILURE,AUTOMATIC_LABEL_FAST_SL_20_MAPPED_TO_FAST_FAILURE,LONG,3,adelin_v2_pre_decision_sweep_v1,M5,5030.0,False,7,False,0.203125,False,0.526042,False,77.7,5022.23,5020.74,FVG_BULLISH,15.3,5031.53,M5_RECENT_HIGH,True,sample_125,EXISTING_EXPANDED_OBJECTIVE_REPLAY,LONDON,XAUUSD,False,examples/sample_125.html
sample_127,ROUND_LEVEL,2026-03-09,2026-03-09T17:15:00+00:00,FAST_FAILURE,AUTOMATIC_LABEL_FAST_SL_20_MAPPED_TO_FAST_FAILURE,LONG,2,adelin_v2_pre_decision_sweep_v1,M5,5100.0,True,17,False,0.212121,True,0.988636,False,0.0,5101.97,5099.75,FVG_BEARISH,161.2,5116.12,M5_RECENT_HIGH,True,sample_127,EXISTING_EXPANDED_OBJECTIVE_REPLAY,OTHER,XAUUSD,False,examples/sample_127.html
sample_128,SWEEP_EXTREME,2026-03-10,2026-03-10T05:00:00+00:00,CHOP_AFTER_ENTRY,AUTOMATIC_LABEL_GOOD_SLOW_REACTION_WITH_DIRTY_CHOP,SHORT,3,adelin_v2_pre_decision_sweep_v1,M5,5170.55,True,5,True,0.013652,True,0.720137,False,6.9,5173.52,5171.24,FVG_BULLISH,165.3,5187.08,H1_RECENT_HIGH,True,sample_128,EXISTING_EXPANDED_OBJECTIVE_REPLAY,ASIA,XAUUSD,False,examples/sample_128.html
sample_129,ROUND_LEVEL,2026-04-07,2026-04-07T16:30:00+00:00,GOOD_FAST_REACTION,AUTOMATIC_LABEL_GOOD_FAST_REACTION,LONG,2,adelin_v2_pre_decision_sweep_v1,M5,4640.0,False,16,False,0.497942,False,0.395062,False,21.8,4646.89,4642.18,FVG_BEARISH,68.2,4646.82,M5_RECENT_LOW,True,sample_129,EXISTING_EXPANDED_OBJECTIVE_REPLAY,OTHER,XAUUSD,False,examples/sample_129.html
sample_130,SWEEP_EXTREME,2026-04-07,2026-04-07T20:30:00+00:00,GOOD_FAST_REACTION,AUTOMATIC_LABEL_GOOD_FAST_REACTION,LONG,3,adelin_v2_pre_decision_sweep_v1,M5,4653.9,True,20,False,0.756164,True,0.832877,True,0.0,4657.09,4651.85,FVG_BEARISH,133.0,4640.6,M5_RECENT_LOW,True,sample_130,EXISTING_EXPANDED_OBJECTIVE_REPLAY,OTHER,XAUUSD,False,examples/sample_130.html
sample_131,ROUND_LEVEL,2026-05-07,2026-05-07T08:00:00+00:00,FAST_FAILURE,AUTOMATIC_LABEL_FAST_SL_20_MAPPED_TO_FAST_FAILURE,LONG,3,adelin_v2_pre_decision_sweep_v1,M5,4700.0,True,8,False,0.328125,False,0.40625,False,0.0,4707.77,4698.77,FVG_BULLISH,76.0,4692.4,M5_RECENT_LOW,True,sample_131,EXISTING_EXPANDED_OBJECTIVE_REPLAY,LONDON,XAUUSD,False,examples/sample_131.html
sample_133,ROUND_LEVEL,2026-02-09,2026-02-09T17:00:00+00:00,FAST_FAILURE,AUTOMATIC_LABEL_FAST_SL_20_MAPPED_TO_FAST_FAILURE,SHORT,3,adelin_v2_pre_decision_sweep_v1,M5,5030.0,False,17,False,0.704082,False,0.0,True,32.1,5026.79,5026.57,FVG_BEARISH,107.6,5040.76,M5_RECENT_HIGH,True,sample_133,EXISTING_EXPANDED_OBJECTIVE_REPLAY,OTHER,XAUUSD,False,examples/sample_133.html
sample_134,SWEEP_EXTREME,2026-02-10,2026-02-10T05:30:00+00:00,GOOD_FAST_REACTION,AUTOMATIC_LABEL_GOOD_FAST_REACTION,LONG,3,adelin_v2_pre_decision_sweep_v1,M1,5016.5,False,5,False,0.39196,False,0.351759,False,76.5,5028.68,5024.15,FVG_BEARISH,15.1,5014.99,M5_RECENT_LOW,True,sample_134,EXISTING_EXPANDED_OBJECTIVE_REPLAY,ASIA,XAUUSD,False,examples/sample_134.html
sample_135,ROUND_LEVEL,2026-03-10,2026-03-10T10:00:00+00:00,FAST_FAILURE,AUTOMATIC_LABEL_FAST_SL_20_MAPPED_TO_FAST_FAILURE,SHORT,3,adelin_v2_pre_decision_sweep_v1,M5,5180.0,True,10,False,0.908497,True,0.921569,True,13.8,5178.62,5174.89,FVG_BEARISH,12.9,5181.29,M5_RECENT_HIGH,True,sample_135,EXISTING_EXPANDED_OBJECTIVE_REPLAY,LONDON,XAUUSD,False,examples/sample_135.html
sample_137,ROUND_LEVEL,2026-04-08,2026-04-08T01:30:00+00:00,GOOD_FAST_REACTION,AUTOMATIC_LABEL_GOOD_FAST_REACTION,SHORT,3,adelin_v2_pre_decision_sweep_v1,M5,4770.0,False,1,True,0.577869,True,0.85041,False,285.6,4741.44,4701.97,FVG_BULLISH,179.6,4752.04,M15_RECENT_HIGH,True,sample_137,EXISTING_EXPANDED_OBJECTIVE_REPLAY,ASIA,XAUUSD,False,examples/sample_137.html
sample_139,ROUND_LEVEL,2026-05-07,2026-05-07T14:00:00+00:00,FAST_FAILURE,AUTOMATIC_LABEL_FAST_SL_20_MAPPED_TO_FAST_FAILURE,SHORT,2,adelin_v2_pre_decision_sweep_v1,M1,4730.0,True,14,False,0.516854,False,0.02809,False,0.0,4733.13,4717.8,FVG_BULLISH,81.9,4721.81,M5_RECENT_LOW,True,sample_139,EXISTING_EXPANDED_OBJECTIVE_REPLAY,NEW_YORK,XAUUSD,False,examples/sample_139.html
sample_140,SWEEP_EXTREME,2026-05-07,2026-05-07T18:00:00+00:00,FAST_FAILURE,AUTOMATIC_LABEL_FAST_SL_20_MAPPED_TO_FAST_FAILURE,SHORT,3,adelin_v2_pre_decision_sweep_v1,M5,4761.83,True,18,True,0.058824,False,0.668449,False,16.7,4760.16,4758.55,FVG_BULLISH,15.3,4763.36,H1_RECENT_HIGH,True,sample_140,EXISTING_EXPANDED_OBJECTIVE_REPLAY,OTHER,XAUUSD,False,examples/sample_140.html
sample_141,ROUND_LEVEL,2026-02-10,2026-02-10T13:00:00+00:00,FAST_FAILURE,AUTOMATIC_LABEL_FAST_SL_20_MAPPED_TO_FAST_FAILURE,LONG,3,adelin_v2_pre_decision_sweep_v1,M5,5050.0,True,13,False,0.441696,False,0.448763,False,0.0,5052.13,5049.52,FVG_BEARISH,129.7,5037.03,M5_RECENT_LOW,True,sample_141,EXISTING_EXPANDED_OBJECTIVE_REPLAY,NEW_YORK,XAUUSD,False,examples/sample_141.html
sample_142,SWEEP_EXTREME,2026-02-10,2026-02-10T17:00:00+00:00,GOOD_FAST_REACTION,AUTOMATIC_LABEL_GOOD_FAST_REACTION,LONG,3,adelin_v2_pre_decision_sweep_v1,M1,5020.68,False,17,False,0.277193,False,0.564912,False,90.0,5044.22,5029.68,FVG_BEARISH,0.0,5020.68,M5_RECENT_LOW,True,sample_142,EXISTING_EXPANDED_OBJECTIVE_REPLAY,OTHER,XAUUSD,False,examples/sample_142.html
sample_143,ROUND_LEVEL,2026-03-11,2026-03-11T07:15:00+00:00,FAST_FAILURE,AUTOMATIC_LABEL_FAST_SL_20_MAPPED_TO_FAST_FAILURE,SHORT,3,adelin_v2_pre_decision_sweep_v1,M5,5200.0,True,7,False,0.185629,False,0.185629,False,0.0,5202.19,5192.85,FVG_BULLISH,7.2,5199.28,M5_RECENT_LOW,True,sample_143,EXISTING_EXPANDED_OBJECTIVE_REPLAY,LONDON,XAUUSD,False,examples/sample_143.html
sample_145,ROUND_LEVEL,2026-04-08,2026-04-08T09:45:00+00:00,FAST_FAILURE,AUTOMATIC_LABEL_FAST_SL_20_MAPPED_TO_FAST_FAILURE,SHORT,3,adelin_v2_pre_decision_sweep_v1,M5,4820.0,False,9,False,0.608,True,0.812,True,28.3,4817.17,4816.46,FVG_BULLISH,222.2,4797.78,M5_RECENT_LOW,True,sample_145,EXISTING_EXPANDED_OBJECTIVE_REPLAY,LONDON,XAUUSD,False,examples/sample_145.html
sample_147,ROUND_LEVEL,2026-05-08,2026-05-08T05:30:00+00:00,GOOD_FAST_REACTION,AUTOMATIC_LABEL_GOOD_FAST_REACTION,LONG,3,adelin_v2_pre_decision_sweep_v1,M5,4710.0,True,5,False,0.73494,False,0.040161,True,0.0,4713.04,4702.05,FVG_BULLISH,139.7,4696.03,M5_RECENT_LOW,True,sample_147,EXISTING_EXPANDED_OBJECTIVE_REPLAY,LONDON,XAUUSD,False,examples/sample_147.html
sample_148,SWEEP_EXTREME,2026-05-11,2026-05-11T01:30:00+00:00,GOOD_FAST_REACTION,AUTOMATIC_LABEL_GOOD_FAST_REACTION,LONG,3,adelin_v2_pre_decision_sweep_v1,M1,4678.03,False,1,True,0.023973,False,0.407534,False,,,,,0.0,4678.03,H1_RECENT_LOW,True,sample_148,EXISTING_EXPANDED_OBJECTIVE_REPLAY,ASIA,XAUUSD,False,examples/sample_148.html
sample_149,ROUND_LEVEL,2026-02-11,2026-02-11T09:15:00+00:00,FAST_FAILURE,AUTOMATIC_LABEL_FAST_SL_20_MAPPED_TO_FAST_FAILURE,SHORT,3,adelin_v2_pre_decision_sweep_v1,M5,5060.0,True,9,True,0.585526,False,0.256579,False,0.0,5061.23,5057.99,FVG_BULLISH,93.9,5069.39,M15_RECENT_HIGH,True,sample_149,EXISTING_EXPANDED_OBJECTIVE_REPLAY,LONDON,XAUUSD,False,examples/sample_149.html
sample_151,ROUND_LEVEL,2026-03-11,2026-03-11T14:30:00+00:00,FAST_FAILURE,AUTOMATIC_LABEL_FAST_SL_20_MAPPED_TO_FAST_FAILURE,SHORT,3,adelin_v2_pre_decision_sweep_v1,M5,5180.0,False,14,False,0.507299,False,0.514599,False,32.6,5184.51,5183.26,FVG_BULLISH,43.5,5175.65,M5_RECENT_LOW,True,sample_151,EXISTING_EXPANDED_OBJECTIVE_REPLAY,NEW_YORK_OPEN,XAUUSD,False,examples/sample_151.html
sample_152,SWEEP_EXTREME,2026-03-12,2026-03-12T00:30:00+00:00,FAST_FAILURE,AUTOMATIC_LABEL_FAST_SL_20_MAPPED_TO_FAST_FAILURE,LONG,2,adelin_v2_pre_decision_sweep_v1,M5,5165.53,True,0,False,0.578313,True,0.891566,False,0.0,5165.96,5163.27,FVG_BEARISH,0.0,5165.53,M5_RECENT_LOW,True,sample_152,EXISTING_EXPANDED_OBJECTIVE_REPLAY,ASIA,XAUUSD,False,examples/sample_152.html
sample_153,ROUND_LEVEL,2026-04-08,2026-04-08T19:15:00+00:00,FAST_FAILURE,AUTOMATIC_LABEL_FAST_SL_20_MAPPED_TO_FAST_FAILURE,SHORT,3,adelin_v2_pre_decision_sweep_v1,M5,4750.0,True,19,True,0.93765,False,0.045564,True,0.0,4753.11,4747.76,FVG_BULLISH,175.9,4732.41,M15_RECENT_LOW,True,sample_153,EXISTING_EXPANDED_OBJECTIVE_REPLAY,OTHER,XAUUSD,False,examples/sample_153.html
sample_154,SWEEP_EXTREME,2026-04-09,2026-04-09T05:30:00+00:00,FAST_FAILURE,AUTOMATIC_LABEL_FAST_SL_20_MAPPED_TO_FAST_FAILURE,SHORT,3,adelin_v2_pre_decision_sweep_v1,M5,4728.73,False,5,False,0.104167,False,0.625,False,37.5,4724.98,4724.1,FVG_BULLISH,0.0,4728.73,M5_RECENT_HIGH,True,sample_154,EXISTING_EXPANDED_OBJECTIVE_REPLAY,LONDON,XAUUSD,False,examples/sample_154.html
sample_155,ROUND_LEVEL,2026-05-11,2026-05-11T06:15:00+00:00,FAST_FAILURE,AUTOMATIC_LABEL_FAST_SL_20_MAPPED_TO_FAST_FAILURE,LONG,3,adelin_v2_pre_decision_sweep_v1,M5,4690.0,True,6,False,0.261905,False,0.196429,False,0.0,4692.59,4687.53,FVG_BEARISH,149.1,4675.09,M5_RECENT_LOW,True,sample_155,EXISTING_EXPANDED_OBJECTIVE_REPLAY,LONDON,XAUUSD,False,examples/sample_155.html
sample_157,ROUND_LEVEL,2026-02-11,2026-02-11T16:45:00+00:00,FAST_FAILURE,AUTOMATIC_LABEL_FAST_SL_20_MAPPED_TO_FAST_FAILURE,LONG,3,adelin_v2_pre_decision_sweep_v1,M5,5060.0,True,16,False,0.218796,True,0.982379,False,0.0,5060.98,5049.24,FVG_BEARISH,300.6,5090.06,M5_RECENT_HIGH,True,sample_157,EXISTING_EXPANDED_OBJECTIVE_REPLAY,NEW_YORK,XAUUSD,False,examples/sample_157.html
sample_159,ROUND_LEVEL,2026-03-11,2026-03-11T19:45:00+00:00,FAST_FAILURE,AUTOMATIC_LABEL_FAST_SL_20_MAPPED_TO_FAST_FAILURE,LONG,3,adelin_v2_pre_decision_sweep_v1,M5,5170.0,True,19,False,0.982673,True,0.982673,True,0.0,5175.05,5169.26,FVG_BULLISH,110.0,5181.0,M5_RECENT_HIGH,True,sample_159,EXISTING_EXPANDED_OBJECTIVE_REPLAY,OTHER,XAUUSD,False,examples/sample_159.html
sample_160,SWEEP_EXTREME,2026-03-12,2026-03-12T05:15:00+00:00,MIXED_REACTION,AUTOMATIC_LABEL_GOOD_SLOW_REACTION_MAPPED_TO_MIXED_REACTION,LONG,3,adelin_v2_pre_decision_sweep_v1,M5,5145.76,True,5,False,0.40625,True,1.0,False,0.0,5146.47,5143.7,FVG_BEARISH,0.0,5145.76,M5_RECENT_LOW,True,sample_160,EXISTING_EXPANDED_OBJECTIVE_REPLAY,ASIA,XAUUSD,False,examples/sample_160.html
sample_161,ROUND_LEVEL,2026-04-09,2026-04-09T11:30:00+00:00,CHOP_AFTER_ENTRY,AUTOMATIC_LABEL_GOOD_REACTION_BUT_DIRTY_ACCUMULATION_WITH_DIRTY_CHOP,SHORT,3,adelin_v2_pre_decision_sweep_v1,M5,4730.0,True,11,False,0.606061,False,0.309091,True,9.9,4729.01,4728.47,FVG_BEARISH,14.5,4731.45,M5_RECENT_HIGH,True,sample_161,EXISTING_EXPANDED_OBJECTIVE_REPLAY,NEW_YORK,XAUUSD,False,examples/sample_161.html
sample_163,ROUND_LEVEL,2026-05-11,2026-05-11T15:45:00+00:00,GOOD_FAST_REACTION,AUTOMATIC_LABEL_GOOD_FAST_REACTION,SHORT,3,adelin_v2_pre_decision_sweep_v1,M5,4700.0,False,15,True,0.253247,False,0.37013,False,66.3,4693.37,4692.59,FVG_BULLISH,15.8,4698.42,M15_RECENT_HIGH,True,sample_163,EXISTING_EXPANDED_OBJECTIVE_REPLAY,NEW_YORK,XAUUSD,False,examples/sample_163.html
sample_164,SWEEP_EXTREME,2026-05-12,2026-05-12T07:15:00+00:00,GOOD_FAST_REACTION,AUTOMATIC_LABEL_GOOD_FAST_REACTION,LONG,2,adelin_v2_pre_decision_sweep_v1,M5,4718.13,False,7,True,0.081081,True,0.864865,False,22.7,4721.02,4720.4,FVG_BULLISH,0.0,4718.13,M15_RECENT_LOW,True,sample_164,EXISTING_EXPANDED_OBJECTIVE_REPLAY,LONDON_OPEN,XAUUSD,False,examples/sample_164.html
sample_165,ROUND_LEVEL,2026-02-12,2026-02-12T16:15:00+00:00,CHOP_AFTER_ENTRY,AUTOMATIC_LABEL_GOOD_REACTION_BUT_DIRTY_ACCUMULATION_WITH_DIRTY_CHOP,LONG,2,adelin_v2_pre_decision_sweep_v1,M5,5060.0,True,16,True,0.716567,False,0.26813,True,0.0,5063.79,5058.63,FVG_BEARISH,113.0,5048.7,M15_RECENT_LOW,True,sample_165,EXISTING_EXPANDED_OBJECTIVE_REPLAY,NEW_YORK,XAUUSD,False,examples/sample_165.html
sample_166,SWEEP_EXTREME,2026-02-12,2026-02-12T11:15:00+00:00,CHOP_AFTER_ENTRY,AUTOMATIC_LABEL_GOOD_SLOW_REACTION_WITH_DIRTY_CHOP,SHORT,3,adelin_v2_pre_decision_sweep_v1,M5,5076.05,True,11,False,0.676647,False,0.311377,True,16.9,5074.36,5071.37,FVG_BULLISH,0.0,5076.05,M5_RECENT_HIGH,True,sample_166,EXISTING_EXPANDED_OBJECTIVE_REPLAY,LONDON,XAUUSD,False,examples/sample_166.html
sample_167,ROUND_LEVEL,2026-03-12,2026-03-12T11:15:00+00:00,FAST_FAILURE,AUTOMATIC_LABEL_FAST_SL_20_MAPPED_TO_FAST_FAILURE,LONG,2,adelin_v2_pre_decision_sweep_v1,M5,5180.0,True,11,True,0.056,False,0.552,False,4.1,5181.59,5180.41,FVG_BULLISH,97.5,5189.75,M15_RECENT_HIGH,True,sample_167,EXISTING_EXPANDED_OBJECTIVE_REPLAY,LONDON,XAUUSD,False,examples/sample_167.html
sample_169,ROUND_LEVEL,2026-04-09,2026-04-09T21:30:00+00:00,GOOD_FAST_REACTION,AUTOMATIC_LABEL_GOOD_FAST_REACTION,LONG,2,adelin_v2_pre_decision_sweep_v1,M5,4770.0,True,21,False,0.816,False,0.032,True,0.1,4769.99,4757.69,FVG_BULLISH,78.2,4777.82,M5_RECENT_LOW,True,sample_169,EXISTING_EXPANDED_OBJECTIVE_REPLAY,OTHER,XAUUSD,False,examples/sample_169.html
sample_170,SWEEP_EXTREME,2026-04-13,2026-04-13T05:30:00+00:00,GOOD_FAST_REACTION,AUTOMATIC_LABEL_GOOD_FAST_REACTION,SHORT,3,adelin_v2_pre_decision_sweep_v1,M5,4728.09,False,5,True,0.598174,False,0.401826,False,72.1,4720.88,4718.08,FVG_BULLISH,0.0,4728.09,H1_RECENT_HIGH,True,sample_170,EXISTING_EXPANDED_OBJECTIVE_REPLAY,LONDON,XAUUSD,False,examples/sample_170.html
sample_171,ROUND_LEVEL,2026-05-12,2026-05-12T11:30:00+00:00,CHOP_AFTER_ENTRY,AUTOMATIC_LABEL_GOOD_REACTION_BUT_DIRTY_ACCUMULATION_WITH_DIRTY_CHOP,LONG,3,adelin_v2_pre_decision_sweep_v1,M5,4700.0,True,11,False,0.028037,True,0.728972,False,0.0,4700.29,4699.29,FVG_BEARISH,68.1,4706.81,M5_RECENT_HIGH,True,sample_171,EXISTING_EXPANDED_OBJECTIVE_REPLAY,NEW_YORK,XAUUSD,False,examples/sample_171.html
sample_173,ROUND_LEVEL,2026-02-12,2026-02-12T20:30:00+00:00,FAST_FAILURE,AUTOMATIC_LABEL_FAST_SL_20_MAPPED_TO_FAST_FAILURE,LONG,3,adelin_v2_pre_decision_sweep_v1,M5,4940.0,True,20,False,0.201299,False,0.573593,False,0.0,4948.42,4935.63,FVG_BEARISH,429.9,4982.99,M5_RECENT_HIGH,True,sample_173,EXISTING_EXPANDED_OBJECTIVE_REPLAY,OTHER,XAUUSD,False,examples/sample_173.html
sample_175,ROUND_LEVEL,2026-03-13,2026-03-13T00:30:00+00:00,FAST_FAILURE,AUTOMATIC_LABEL_FAST_SL_20_MAPPED_TO_FAST_FAILURE,SHORT,2,adelin_v2_pre_decision_sweep_v1,M5,5090.0,True,0,False,0.335878,False,0.396947,False,2.4,5092.21,5090.24,FVG_BEARISH,51.2,5095.12,M5_RECENT_HIGH,True,sample_175,EXISTING_EXPANDED_OBJECTIVE_REPLAY,ASIA,XAUUSD,False,examples/sample_175.html
sample_177,ROUND_LEVEL,2026-04-13,2026-04-13T19:00:00+00:00,GOOD_FAST_REACTION,AUTOMATIC_LABEL_GOOD_FAST_REACTION,SHORT,2,adelin_v2_pre_decision_sweep_v1,M1,4720.0,True,19,False,0.700535,True,0.930481,True,0.0,4720.01,4718.52,FVG_BULLISH,113.0,4731.3,M5_RECENT_HIGH,True,sample_177,EXISTING_EXPANDED_OBJECTIVE_REPLAY,OTHER,XAUUSD,False,examples/sample_177.html
sample_178,SWEEP_EXTREME,2026-04-13,2026-04-13T09:30:00+00:00,CHOP_AFTER_ENTRY,AUTOMATIC_LABEL_GOOD_REACTION_BUT_DIRTY_ACCUMULATION_WITH_DIRTY_CHOP,SHORT,2,adelin_v2_pre_decision_sweep_v1,M5,4731.95,False,9,True,0.747706,True,0.862385,True,102.5,4721.7,4719.3,FVG_BULLISH,0.0,4731.95,M15_RECENT_HIGH,True,sample_178,EXISTING_EXPANDED_OBJECTIVE_REPLAY,LONDON,XAUUSD,False,examples/sample_178.html
sample_179,ROUND_LEVEL,2026-05-12,2026-05-12T20:30:00+00:00,FAST_FAILURE,AUTOMATIC_LABEL_FAST_SL_20_MAPPED_TO_FAST_FAILURE,SHORT,3,adelin_v2_pre_decision_sweep_v1,M5,4680.0,True,20,False,0.511182,False,0.169329,False,0.0,4684.02,4678.91,FVG_BEARISH,24.4,4682.44,M5_RECENT_HIGH,True,sample_179,EXISTING_EXPANDED_OBJECTIVE_REPLAY,OTHER,XAUUSD,False,examples/sample_179.html
sample_180,SWEEP_EXTREME,2026-05-13,2026-05-13T05:00:00+00:00,CHOP_AFTER_ENTRY,AUTOMATIC_LABEL_GOOD_REACTION_BUT_DIRTY_ACCUMULATION_WITH_DIRTY_CHOP,LONG,2,adelin_v2_pre_decision_sweep_v1,M5,4701.11,False,5,True,0.763006,True,0.803468,True,55.3,4706.68,4706.64,FVG_BEARISH,0.0,4701.11,M15_RECENT_LOW,True,sample_180,EXISTING_EXPANDED_OBJECTIVE_REPLAY,LONDON,XAUUSD,False,examples/sample_180.html
sample_181,ROUND_LEVEL,2026-02-13,2026-02-13T10:00:00+00:00,CHOP_AFTER_ENTRY,AUTOMATIC_LABEL_GOOD_SLOW_REACTION_WITH_DIRTY_CHOP,SHORT,2,adelin_v2_pre_decision_sweep_v1,M1,4980.0,True,10,False,0.025,False,0.619444,False,0.0,4980.67,4979.7,FVG_BEARISH,27.0,4982.7,M5_RECENT_HIGH,True,sample_181,EXISTING_EXPANDED_OBJECTIVE_REPLAY,LONDON,XAUUSD,False,examples/sample_181.html
sample_182,SWEEP_EXTREME,2026-02-16,2026-02-16T05:00:00+00:00,FAST_FAILURE,AUTOMATIC_LABEL_FAST_SL_20_MAPPED_TO_FAST_FAILURE,LONG,3,adelin_v2_pre_decision_sweep_v1,M5,4992.29,False,5,True,0.069672,False,0.557377,False,66.8,5002.33,4998.97,FVG_BEARISH,0.0,4992.29,H1_RECENT_LOW,True,sample_182,EXISTING_EXPANDED_OBJECTIVE_REPLAY,ASIA,XAUUSD,False,examples/sample_182.html
sample_183,ROUND_LEVEL,2026-03-13,2026-03-13T05:15:00+00:00,FAST_FAILURE,AUTOMATIC_LABEL_FAST_SL_20_MAPPED_TO_FAST_FAILURE,LONG,3,adelin_v2_pre_decision_sweep_v1,M5,5110.0,True,5,False,0.198198,False,0.558559,False,0.0,5110.82,5109.72,FVG_BULLISH,11.4,5108.86,M5_RECENT_LOW,True,sample_183,EXISTING_EXPANDED_OBJECTIVE_REPLAY,ASIA,XAUUSD,False,examples/sample_183.html
sample_185,ROUND_LEVEL,2026-04-14,2026-04-14T08:45:00+00:00,MIXED_REACTION,AUTOMATIC_LABEL_GOOD_SLOW_REACTION_MAPPED_TO_MIXED_REACTION,LONG,2,adelin_v2_pre_decision_sweep_v1,M5,4760.0,True,8,False,0.532609,False,0.532609,False,3.7,4759.63,4757.82,FVG_BULLISH,20.0,4758.0,M5_RECENT_LOW,True,sample_185,EXISTING_EXPANDED_OBJECTIVE_REPLAY,LONDON,XAUUSD,False,examples/sample_185.html
sample_186,SWEEP_EXTREME,2026-04-13,2026-04-13T13:30:00+00:00,GOOD_FAST_REACTION,AUTOMATIC_LABEL_GOOD_FAST_REACTION,LONG,3,adelin_v2_pre_decision_sweep_v1,M5,4708.32,False,13,True,0.429412,True,1.0,False,41.9,4712.52,4712.51,FVG_BEARISH,0.0,4708.32,M15_RECENT_LOW,True,sample_186,EXISTING_EXPANDED_OBJECTIVE_REPLAY,NEW_YORK_OPEN,XAUUSD,False,examples/sample_186.html
sample_187,ROUND_LEVEL,2026-05-13,2026-05-13T11:00:00+00:00,FAST_FAILURE,AUTOMATIC_LABEL_FAST_SL_20_MAPPED_TO_FAST_FAILURE,LONG,2,adelin_v2_pre_decision_sweep_v1,M5,4700.0,True,11,False,0.228346,False,0.0,False,0.0,4700.24,4696.09,FVG_BULLISH,32.9,4696.71,M5_RECENT_LOW,True,sample_187,EXISTING_EXPANDED_OBJECTIVE_REPLAY,NEW_YORK,XAUUSD,False,examples/sample_187.html
sample_189,ROUND_LEVEL,2026-02-16,2026-02-16T17:15:00+00:00,FAST_FAILURE,AUTOMATIC_LABEL_FAST_SL_20_MAPPED_TO_FAST_FAILURE,LONG,3,adelin_v2_pre_decision_sweep_v1,M5,4980.0,True,17,True,0.472727,False,0.095455,False,0.0,4984.58,4979.57,FVG_BEARISH,110.8,4968.92,M15_RECENT_LOW,True,sample_189,EXISTING_EXPANDED_OBJECTIVE_REPLAY,OTHER,XAUUSD,False,examples/sample_189.html
sample_190,SWEEP_EXTREME,2026-02-16,2026-02-16T09:00:00+00:00,GOOD_FAST_REACTION,AUTOMATIC_LABEL_GOOD_FAST_REACTION,SHORT,2,adelin_v2_pre_decision_sweep_v1,M1,5003.14,True,9,False,0.412844,False,0.550459,False,8.1,5002.33,4998.97,FVG_BEARISH,0.0,5003.14,M5_RECENT_HIGH,True,sample_190,EXISTING_EXPANDED_OBJECTIVE_REPLAY,LONDON,XAUUSD,False,examples/sample_190.html
sample_191,ROUND_LEVEL,2026-03-16,2026-03-16T09:00:00+00:00,MIXED_REACTION,AUTOMATIC_LABEL_GOOD_REACTION_BUT_DIRTY_ACCUMULATION_MAPPED_TO_MIXED_REACTION,LONG,3,adelin_v2_pre_decision_sweep_v1,M5,5010.0,True,9,False,0.695187,False,0.016043,True,0.0,5012.35,5005.41,FVG_BEARISH,67.2,5003.28,M5_RECENT_LOW,True,sample_191,EXISTING_EXPANDED_OBJECTIVE_REPLAY,LONDON,XAUUSD,False,examples/sample_191.html
sample_192,SWEEP_EXTREME,2026-03-16,2026-03-16T14:15:00+00:00,GOOD_FAST_REACTION,AUTOMATIC_LABEL_GOOD_FAST_REACTION,LONG,3,adelin_v2_pre_decision_sweep_v1,M5,4992.84,True,14,False,0.476534,False,0.606498,False,5.9,4992.25,4985.62,FVG_BULLISH,162.2,4976.62,M5_RECENT_LOW,True,sample_192,EXISTING_EXPANDED_OBJECTIVE_REPLAY,NEW_YORK_OPEN,XAUUSD,False,examples/sample_192.html
sample_193,ROUND_LEVEL,2026-04-14,2026-04-14T15:00:00+00:00,FAST_FAILURE,AUTOMATIC_LABEL_FAST_SL_20_MAPPED_TO_FAST_FAILURE,SHORT,3,adelin_v2_pre_decision_sweep_v1,M5,4770.0,True,15,True,0.786503,False,0.181595,True,0.0,4782.04,4767.82,FVG_BEARISH,178.4,4752.16,M15_RECENT_LOW,True,sample_193,EXISTING_EXPANDED_OBJECTIVE_REPLAY,NEW_YORK,XAUUSD,False,examples/sample_193.html
sample_194,SWEEP_EXTREME,2026-04-14,2026-04-14T19:15:00+00:00,CHOP_AFTER_ENTRY,AUTOMATIC_LABEL_GOOD_REACTION_BUT_DIRTY_ACCUMULATION_WITH_DIRTY_CHOP,SHORT,2,adelin_v2_pre_decision_sweep_v1,M5,4816.21,False,19,True,0.269461,False,0.502994,False,88.9,4807.32,4804.95,FVG_BULLISH,17.9,4818.0,M15_RECENT_HIGH,True,sample_194,EXISTING_EXPANDED_OBJECTIVE_REPLAY,OTHER,XAUUSD,False,examples/sample_194.html
sample_195,ROUND_LEVEL,2026-05-13,2026-05-13T19:30:00+00:00,FAST_FAILURE,AUTOMATIC_LABEL_FAST_SL_20_MAPPED_TO_FAST_FAILURE,SHORT,2,adelin_v2_pre_decision_sweep_v1,M5,4700.0,True,19,True,0.786744,False,0.144092,True,0.0,4702.31,4699.77,FVG_BULLISH,98.8,4709.88,M15_RECENT_HIGH,True,sample_195,EXISTING_EXPANDED_OBJECTIVE_REPLAY,OTHER,XAUUSD,False,examples/sample_195.html
sample_197,ROUND_LEVEL,2026-02-17,2026-02-17T06:15:00+00:00,FAST_FAILURE,AUTOMATIC_LABEL_FAST_SL_20_MAPPED_TO_FAST_FAILURE,LONG,2,adelin_v2_pre_decision_sweep_v1,M5,4960.0,True,6,False,0.384615,False,0.173077,False,0.0,4968.52,4953.16,FVG_BEARISH,112.6,4971.26,M5_RECENT_HIGH,True,sample_197,EXISTING_EXPANDED_OBJECTIVE_REPLAY,LONDON,XAUUSD,False,examples/sample_197.html
sample_198,SWEEP_EXTREME,2026-02-17,2026-02-17T10:30:00+00:00,GOOD_FAST_REACTION,AUTOMATIC_LABEL_GOOD_FAST_REACTION,SHORT,2,adelin_v2_pre_decision_sweep_v1,M1,4930.43,True,10,False,0.144828,False,0.144828,False,0.0,4937.45,4928.41,FVG_BEARISH,0.0,4930.43,M5_RECENT_HIGH,True,sample_198,EXISTING_EXPANDED_OBJECTIVE_REPLAY,LONDON,XAUUSD,False,examples/sample_198.html
sample_199,ROUND_LEVEL,2026-03-16,2026-03-16T18:15:00+00:00,GOOD_FAST_REACTION,AUTOMATIC_LABEL_GOOD_FAST_REACTION,LONG,3,adelin_v2_pre_decision_sweep_v1,M5,4980.0,True,18,True,0.688742,False,0.218543,True,11.5,4983.98,4981.15,FVG_BULLISH,33.8,4976.62,M15_RECENT_LOW,True,sample_199,EXISTING_EXPANDED_OBJECTIVE_REPLAY,OTHER,XAUUSD,False,examples/sample_199.html
sample_200,SWEEP_EXTREME,2026-03-17,2026-03-17T00:45:00+00:00,MIXED_REACTION,AUTOMATIC_LABEL_GOOD_SLOW_REACTION_MAPPED_TO_MIXED_REACTION,LONG,2,adelin_v2_pre_decision_sweep_v1,M5,4998.66,True,0,False,0.166667,False,0.448718,False,0.0,4999.95,4997.18,FVG_BULLISH,0.0,4998.66,M5_RECENT_LOW,True,sample_200,EXISTING_EXPANDED_OBJECTIVE_REPLAY,ASIA_OPEN,XAUUSD,False,examples/sample_200.html
sample_201,ROUND_LEVEL,2026-04-15,2026-04-15T08:45:00+00:00,FAST_FAILURE,AUTOMATIC_LABEL_FAST_SL_20_MAPPED_TO_FAST_FAILURE,LONG,3,adelin_v2_pre_decision_sweep_v1,M5,4820.0,True,8,True,0.721963,True,0.953271,True,11.5,4822.26,4821.15,FVG_BEARISH,73.7,4812.63,M15_RECENT_LOW,True,sample_201,EXISTING_EXPANDED_OBJECTIVE_REPLAY,LONDON,XAUUSD,False,examples/sample_201.html
sample_202,SWEEP_EXTREME,2026-04-15,2026-04-15T12:45:00+00:00,FAST_FAILURE,AUTOMATIC_LABEL_FAST_SL_20_MAPPED_TO_FAST_FAILURE,LONG,2,adelin_v2_pre_decision_sweep_v1,M5,4792.71,False,12,True,0.963542,False,0.036458,True,158.1,4812.25,4808.52,FVG_BEARISH,0.0,4792.71,M15_RECENT_LOW,True,sample_202,EXISTING_EXPANDED_OBJECTIVE_REPLAY,NEW_YORK,XAUUSD,False,examples/sample_202.html
sample_203,ROUND_LEVEL,2026-05-14,2026-05-14T08:00:00+00:00,FAST_FAILURE,AUTOMATIC_LABEL_FAST_SL_20_MAPPED_TO_FAST_FAILURE,SHORT,3,adelin_v2_pre_decision_sweep_v1,M5,4700.0,True,8,True,0.638889,False,0.0,True,0.0,4700.37,4699.71,FVG_BEARISH,129.1,4712.91,M15_RECENT_HIGH,True,sample_203,EXISTING_EXPANDED_OBJECTIVE_REPLAY,LONDON,XAUUSD,False,examples/sample_203.html
sample_204,SWEEP_EXTREME,2026-05-14,2026-05-14T13:00:00+00:00,FAST_FAILURE,AUTOMATIC_LABEL_FAST_SL_20_MAPPED_TO_FAST_FAILURE,SHORT,3,adelin_v2_pre_decision_sweep_v1,M5,4702.53,True,13,False,0.557971,False,0.181159,False,0.0,4702.91,4700.41,FVG_BULLISH,39.8,4706.51,M5_RECENT_HIGH,True,sample_204,EXISTING_EXPANDED_OBJECTIVE_REPLAY,NEW_YORK,XAUUSD,False,examples/sample_204.html
sample_205,ROUND_LEVEL,2026-02-17,2026-02-17T15:15:00+00:00,FAST_FAILURE,AUTOMATIC_LABEL_FAST_SL_20_MAPPED_TO_FAST_FAILURE,LONG,3,adelin_v2_pre_decision_sweep_v1,M5,4920.0,True,15,False,0.254545,True,0.953247,False,0.0,4920.81,4918.44,FVG_BEARISH,15.3,4918.47,M5_RECENT_LOW,True,sample_205,EXISTING_EXPANDED_OBJECTIVE_REPLAY,NEW_YORK,XAUUSD,False,examples/sample_205.html
sample_206,SWEEP_EXTREME,2026-02-18,2026-02-18T05:30:00+00:00,FAST_FAILURE,AUTOMATIC_LABEL_FAST_SL_20_MAPPED_TO_FAST_FAILURE,SHORT,2,adelin_v2_pre_decision_sweep_v1,M5,4919.97,True,5,True,0.207143,False,0.528571,False,18.7,4918.1,4916.57,FVG_BULLISH,0.0,4919.97,M15_RECENT_HIGH,True,sample_206,EXISTING_EXPANDED_OBJECTIVE_REPLAY,ASIA,XAUUSD,False,examples/sample_206.html
sample_207,ROUND_LEVEL,2026-03-17,2026-03-17T06:30:00+00:00,MIXED_REACTION,AUTOMATIC_LABEL_GOOD_SLOW_REACTION_MAPPED_TO_MIXED_REACTION,SHORT,2,adelin_v2_pre_decision_sweep_v1,M5,5040.0,False,6,True,0.864769,True,0.864769,True,103.3,5029.67,5027.32,FVG_BULLISH,19.2,5041.92,H1_RECENT_HIGH,True,sample_207,EXISTING_EXPANDED_OBJECTIVE_REPLAY,LONDON,XAUUSD,False,examples/sample_207.html
sample_209,ROUND_LEVEL,2026-04-15,2026-04-15T18:00:00+00:00,CHOP_AFTER_ENTRY,AUTOMATIC_LABEL_GOOD_REACTION_BUT_DIRTY_ACCUMULATION_WITH_DIRTY_CHOP,LONG,2,adelin_v2_pre_decision_sweep_v1,M5,4810.0,True,18,False,0.405204,False,0.356877,False,0.0,4812.25,4808.52,FVG_BEARISH,13.8,4808.62,M5_RECENT_LOW,True,sample_209,EXISTING_EXPANDED_OBJECTIVE_REPLAY,OTHER,XAUUSD,False,examples/sample_209.html
sample_211,ROUND_LEVEL,2026-05-14,2026-05-14T17:45:00+00:00,GOOD_FAST_REACTION,AUTOMATIC_LABEL_GOOD_FAST_REACTION,LONG,2,adelin_v2_pre_decision_sweep_v1,M5,4680.0,False,17,True,0.039773,False,0.386364,False,68.9,4686.93,4686.89,FVG_BULLISH,133.5,4666.65,H1_RECENT_LOW,True,sample_211,EXISTING_EXPANDED_OBJECTIVE_REPLAY,OTHER,XAUUSD,False,examples/sample_211.html
sample_212,SWEEP_EXTREME,2026-05-15,2026-05-15T05:00:00+00:00,GOOD_FAST_REACTION,AUTOMATIC_LABEL_GOOD_FAST_REACTION,LONG,2,adelin_v2_pre_decision_sweep_v1,M5,4607.1,False,5,True,0.70557,False,0.29443,True,83.0,4618.89,4615.4,FVG_BEARISH,0.0,4607.1,H1_RECENT_LOW,True,sample_212,EXISTING_EXPANDED_OBJECTIVE_REPLAY,LONDON,XAUUSD,False,examples/sample_212.html
sample_213,ROUND_LEVEL,2026-02-17,2026-02-17T19:30:00+00:00,FAST_FAILURE,AUTOMATIC_LABEL_FAST_SL_20_MAPPED_TO_FAST_FAILURE,SHORT,2,adelin_v2_pre_decision_sweep_v1,M5,4860.0,False,19,False,0.854237,True,0.888136,True,52.2,4866.19,4865.22,FVG_BULLISH,98.4,4850.16,M5_RECENT_LOW,True,sample_213,EXISTING_EXPANDED_OBJECTIVE_REPLAY,OTHER,XAUUSD,False,examples/sample_213.html
sample_214,SWEEP_EXTREME,2026-02-18,2026-02-18T11:00:00+00:00,FAST_FAILURE,AUTOMATIC_LABEL_FAST_SL_20_MAPPED_TO_FAST_FAILURE,LONG,3,adelin_v2_pre_decision_sweep_v1,M5,4918.25,True,11,False,0.647222,False,0.15,True,1.5,4918.1,4916.57,FVG_BULLISH,15.9,4916.66,M5_RECENT_LOW,True,sample_214,EXISTING_EXPANDED_OBJECTIVE_REPLAY,LONDON,XAUUSD,False,examples/sample_214.html
sample_215,ROUND_LEVEL,2026-03-18,2026-03-18T04:00:00+00:00,FAST_FAILURE,AUTOMATIC_LABEL_FAST_SL_20_MAPPED_TO_FAST_FAILURE,LONG,3,adelin_v2_pre_decision_sweep_v1,M5,5000.0,True,4,True,0.292994,False,0.019108,False,0.0,5001.37,4999.8,FVG_BEARISH,87.5,4991.25,M15_RECENT_LOW,True,sample_215,EXISTING_EXPANDED_OBJECTIVE_REPLAY,ASIA,XAUUSD,False,examples/sample_215.html
sample_217,ROUND_LEVEL,2026-04-16,2026-04-16T19:30:00+00:00,CHOP_AFTER_ENTRY,AUTOMATIC_LABEL_GOOD_REACTION_BUT_DIRTY_ACCUMULATION_WITH_DIRTY_CHOP,LONG,3,adelin_v2_pre_decision_sweep_v1,M5,4790.0,True,19,True,0.27551,False,0.454082,False,4.4,4793.97,4790.44,FVG_BEARISH,168.5,4773.15,H1_RECENT_LOW,True,sample_217,EXISTING_EXPANDED_OBJECTIVE_REPLAY,OTHER,XAUUSD,False,examples/sample_217.html
sample_218,SWEEP_EXTREME,2026-04-16,2026-04-16T11:30:00+00:00,MIXED_REACTION,AUTOMATIC_LABEL_GOOD_SLOW_REACTION_MAPPED_TO_MIXED_REACTION,LONG,2,adelin_v2_pre_decision_sweep_v1,M5,4807.31,False,11,True,0.201005,True,0.743719,False,69.7,4819.45,4814.28,FVG_BEARISH,0.0,4807.31,M15_RECENT_LOW,True,sample_218,EXISTING_EXPANDED_OBJECTIVE_REPLAY,NEW_YORK,XAUUSD,False,examples/sample_218.html
sample_219,ROUND_LEVEL,2026-05-18,2026-05-18T06:00:00+00:00,FAST_FAILURE,AUTOMATIC_LABEL_FAST_SL_20_MAPPED_TO_FAST_FAILURE,SHORT,3,adelin_v2_pre_decision_sweep_v1,M5,4530.0,True,6,False,0.058065,False,0.670968,False,0.0,4530.33,4529.89,FVG_BEARISH,128.7,4542.87,M5_RECENT_HIGH,True,sample_219,EXISTING_EXPANDED_OBJECTIVE_REPLAY,LONDON,XAUUSD,False,examples/sample_219.html
sample_220,SWEEP_EXTREME,2026-05-18,2026-05-18T10:30:00+00:00,GOOD_FAST_REACTION,AUTOMATIC_LABEL_GOOD_FAST_REACTION,LONG,2,adelin_v2_pre_decision_sweep_v1,M5,4549.45,False,10,True,0.7507,True,0.880952,True,55.6,4543.89,4538.83,FVG_BEARISH,26.2,4552.07,M15_RECENT_HIGH,True,sample_220,EXISTING_EXPANDED_OBJECTIVE_REPLAY,LONDON,XAUUSD,False,examples/sample_220.html
sample_221,ROUND_LEVEL,2026-02-18,2026-02-18T17:30:00+00:00,FAST_FAILURE,AUTOMATIC_LABEL_FAST_SL_20_MAPPED_TO_FAST_FAILURE,SHORT,2,adelin_v2_pre_decision_sweep_v1,M5,5000.0,False,17,True,0.454545,True,0.727273,False,53.7,4994.63,4994.6,FVG_BULLISH,90.2,5009.02,H1_RECENT_HIGH,True,sample_221,EXISTING_EXPANDED_OBJECTIVE_REPLAY,OTHER,XAUUSD,False,examples/sample_221.html
sample_222,SWEEP_EXTREME,2026-02-19,2026-02-19T09:00:00+00:00,CHOP_AFTER_ENTRY,AUTOMATIC_LABEL_GOOD_SLOW_REACTION_WITH_DIRTY_CHOP,SHORT,2,adelin_v2_pre_decision_sweep_v1,M5,5019.99,False,9,True,0.393782,False,0.595855,False,27.9,5017.2,5016.31,FVG_BULLISH,0.0,5019.99,H1_RECENT_HIGH,True,sample_222,EXISTING_EXPANDED_OBJECTIVE_REPLAY,LONDON,XAUUSD,False,examples/sample_222.html
sample_223,ROUND_LEVEL,2026-03-18,2026-03-18T09:00:00+00:00,FAST_FAILURE,AUTOMATIC_LABEL_FAST_SL_20_MAPPED_TO_FAST_FAILURE,LONG,2,adelin_v2_pre_decision_sweep_v1,M5,5010.0,True,9,True,0.390411,False,0.554795,False,0.0,5011.16,5008.53,FVG_BULLISH,63.0,5016.3,M15_RECENT_HIGH,True,sample_223,EXISTING_EXPANDED_OBJECTIVE_REPLAY,LONDON,XAUUSD,False,examples/sample_223.html
sample_225,ROUND_LEVEL,2026-04-17,2026-04-17T03:00:00+00:00,FAST_FAILURE,AUTOMATIC_LABEL_FAST_SL_20_MAPPED_TO_FAST_FAILURE,SHORT,2,adelin_v2_pre_decision_sweep_v1,M5,4790.0,True,3,False,0.490741,False,0.009259,False,7.9,4791.55,4790.79,FVG_BULLISH,12.7,4788.73,M5_RECENT_LOW,True,sample_225,EXISTING_EXPANDED_OBJECTIVE_REPLAY,ASIA,XAUUSD,False,examples/sample_225.html
sample_226,SWEEP_EXTREME,2026-04-17,2026-04-17T07:30:00+00:00,FAST_FAILURE,AUTOMATIC_LABEL_FAST_SL_20_MAPPED_TO_FAST_FAILURE,SHORT,2,adelin_v2_pre_decision_sweep_v1,M5,4796.72,True,7,False,0.814433,True,0.814433,True,0.0,4798.11,4795.97,FVG_BEARISH,13.5,4798.07,M5_RECENT_HIGH,True,sample_226,EXISTING_EXPANDED_OBJECTIVE_REPLAY,LONDON,XAUUSD,False,examples/sample_226.html
sample_227,ROUND_LEVEL,2026-05-18,2026-05-18T15:30:00+00:00,FAST_FAILURE,AUTOMATIC_LABEL_FAST_SL_20_MAPPED_TO_FAST_FAILURE,LONG,3,adelin_v2_pre_decision_sweep_v1,M5,4570.0,False,15,True,0.73871,False,0.26129,True,147.4,4555.26,4554.94,FVG_BEARISH,28.0,4567.2,M15_RECENT_HIGH,True,sample_227,EXISTING_EXPANDED_OBJECTIVE_REPLAY,NEW_YORK,XAUUSD,False,examples/sample_227.html
sample_228,SWEEP_EXTREME,2026-05-18,2026-05-18T21:15:00+00:00,FAST_FAILURE,AUTOMATIC_LABEL_FAST_SL_20_MAPPED_TO_FAST_FAILURE,LONG,3,adelin_v2_pre_decision_sweep_v1,M5,4543.74,True,21,False,0.142857,False,0.385714,False,0.0,4544.48,4541.97,FVG_BEARISH,97.8,4533.96,M5_RECENT_LOW,True,sample_228,EXISTING_EXPANDED_OBJECTIVE_REPLAY,OTHER,XAUUSD,False,examples/sample_228.html
sample_229,ROUND_LEVEL,2026-02-19,2026-02-19T05:00:00+00:00,FAST_FAILURE,AUTOMATIC_LABEL_FAST_SL_20_MAPPED_TO_FAST_FAILURE,LONG,3,adelin_v2_pre_decision_sweep_v1,M5,4970.0,True,5,False,0.013333,False,0.453333,False,6.9,4970.9,4970.69,FVG_BULLISH,74.4,4977.44,M5_RECENT_HIGH,True,sample_229,EXISTING_EXPANDED_OBJECTIVE_REPLAY,ASIA,XAUUSD,False,examples/sample_229.html
sample_230,SWEEP_EXTREME,2026-02-19,2026-02-19T13:15:00+00:00,GOOD_FAST_REACTION,AUTOMATIC_LABEL_GOOD_FAST_REACTION,SHORT,3,adelin_v2_pre_decision_sweep_v1,M5,4996.42,True,13,True,0.258065,False,0.010753,False,0.0,5001.72,4996.21,FVG_BEARISH,147.6,4981.66,M15_RECENT_LOW,True,sample_230,EXISTING_EXPANDED_OBJECTIVE_REPLAY,NEW_YORK,XAUUSD,False,examples/sample_230.html
sample_231,ROUND_LEVEL,2026-03-18,2026-03-18T19:45:00+00:00,FAST_FAILURE,AUTOMATIC_LABEL_FAST_SL_20_MAPPED_TO_FAST_FAILURE,SHORT,2,adelin_v2_pre_decision_sweep_v1,M5,4890.0,True,19,False,0.732673,True,0.737624,True,0.0,4895.48,4889.31,FVG_BEARISH,89.7,4898.97,M5_RECENT_HIGH,True,sample_231,EXISTING_EXPANDED_OBJECTIVE_REPLAY,OTHER,XAUUSD,False,examples/sample_231.html
sample_233,ROUND_LEVEL,2026-04-17,2026-04-17T12:45:00+00:00,CHOP_AFTER_ENTRY,AUTOMATIC_LABEL_GOOD_SLOW_REACTION_WITH_DIRTY_CHOP,LONG,3,adelin_v2_pre_decision_sweep_v1,M5,4790.0,True,12,False,0.160494,False,0.617284,False,0.0,4790.41,4787.72,FVG_BEARISH,109.0,4800.9,M5_RECENT_HIGH,True,sample_233,EXISTING_EXPANDED_OBJECTIVE_REPLAY,NEW_YORK,XAUUSD,False,examples/sample_233.html
sample_235,ROUND_LEVEL,2026-05-19,2026-05-19T05:15:00+00:00,FAST_FAILURE,AUTOMATIC_LABEL_FAST_SL_20_MAPPED_TO_FAST_FAILURE,LONG,3,adelin_v2_pre_decision_sweep_v1,M5,4560.0,True,5,True,0.355072,True,0.768116,False,0.0,4562.52,4559.93,FVG_BEARISH,70.7,4552.93,M15_RECENT_LOW,True,sample_235,EXISTING_EXPANDED_OBJECTIVE_REPLAY,LONDON,XAUUSD,False,examples/sample_235.html
sample_236,SWEEP_EXTREME,2026-05-19,2026-05-19T01:15:00+00:00,FAST_FAILURE,AUTOMATIC_LABEL_FAST_SL_20_MAPPED_TO_FAST_FAILURE,SHORT,2,adelin_v2_pre_decision_sweep_v1,M5,4573.26,False,1,True,0.460317,True,1.0,False,38.2,4569.44,4562.47,FVG_BULLISH,0.2,4573.28,M15_RECENT_HIGH,True,sample_236,EXISTING_EXPANDED_OBJECTIVE_REPLAY,ASIA,XAUUSD,False,examples/sample_236.html
sample_237,ROUND_LEVEL,2026-02-20,2026-02-20T06:45:00+00:00,FAST_FAILURE,AUTOMATIC_LABEL_FAST_SL_20_MAPPED_TO_FAST_FAILURE,SHORT,2,adelin_v2_pre_decision_sweep_v1,M5,5000.0,True,6,False,0.197183,False,0.690141,False,0.0,5000.46,4999.16,FVG_BULLISH,33.8,5003.38,M5_RECENT_HIGH,True,sample_237,EXISTING_EXPANDED_OBJECTIVE_REPLAY,LONDON,XAUUSD,False,examples/sample_237.html
sample_238,SWEEP_EXTREME,2026-02-19,2026-02-19T17:30:00+00:00,GOOD_FAST_REACTION,AUTOMATIC_LABEL_GOOD_FAST_REACTION,LONG,3,adelin_v2_pre_decision_sweep_v1,M5,5010.67,False,17,True,0.71875,True,0.877841,True,63.6,5004.31,4999.88,FVG_BULLISH,58.1,5016.48,M15_RECENT_HIGH,True,sample_238,EXISTING_EXPANDED_OBJECTIVE_REPLAY,OTHER,XAUUSD,False,examples/sample_238.html
sample_239,ROUND_LEVEL,2026-03-19,2026-03-19T05:15:00+00:00,FAST_FAILURE,AUTOMATIC_LABEL_FAST_SL_20_MAPPED_TO_FAST_FAILURE,SHORT,2,adelin_v2_pre_decision_sweep_v1,M5,4860.0,True,5,True,0.822281,True,0.822281,True,0.0,4861.22,4849.97,FVG_BULLISH,69.5,4866.95,M15_RECENT_HIGH,True,sample_239,EXISTING_EXPANDED_OBJECTIVE_REPLAY,ASIA,XAUUSD,False,examples/sample_239.html
sample_240,SWEEP_EXTREME,2026-03-19,2026-03-19T09:15:00+00:00,GOOD_FAST_REACTION,AUTOMATIC_LABEL_GOOD_FAST_REACTION,LONG,3,adelin_v2_pre_decision_sweep_v1,M1,4747.7,False,9,True,0.653543,False,0.133858,True,199.4,4780.07,4767.64,FVG_BEARISH,0.0,4747.7,M15_RECENT_LOW,True,sample_240,EXISTING_EXPANDED_OBJECTIVE_REPLAY,LONDON,XAUUSD,False,examples/sample_240.html
sample_241,ROUND_LEVEL,2026-04-20,2026-04-20T09:30:00+00:00,FAST_FAILURE,AUTOMATIC_LABEL_FAST_SL_20_MAPPED_TO_FAST_FAILURE,LONG,2,adelin_v2_pre_decision_sweep_v1,M5,4790.0,True,9,False,0.508929,True,0.986607,False,0.0,4792.26,4789.04,FVG_BULLISH,60.5,4796.05,M5_RECENT_HIGH,True,sample_241,EXISTING_EXPANDED_OBJECTIVE_REPLAY,LONDON,XAUUSD,False,examples/sample_241.html
sample_242,SWEEP_EXTREME,2026-04-20,2026-04-20T15:00:00+00:00,FAST_FAILURE,AUTOMATIC_LABEL_FAST_SL_20_MAPPED_TO_FAST_FAILURE,SHORT,2,adelin_v2_pre_decision_sweep_v1,M5,4809.52,False,15,True,0.772455,True,0.796407,True,32.4,4806.28,4802.14,FVG_BULLISH,13.1,4810.83,M15_RECENT_HIGH,True,sample_242,EXISTING_EXPANDED_OBJECTIVE_REPLAY,NEW_YORK,XAUUSD,False,examples/sample_242.html
sample_243,ROUND_LEVEL,2026-05-19,2026-05-19T12:00:00+00:00,FAST_FAILURE,AUTOMATIC_LABEL_FAST_SL_20_MAPPED_TO_FAST_FAILURE,SHORT,2,adelin_v2_pre_decision_sweep_v1,M5,4540.0,True,12,False,0.217105,False,0.598684,False,5.0,4540.96,4540.5,FVG_BULLISH,36.0,4536.4,M5_RECENT_LOW,True,sample_243,EXISTING_EXPANDED_OBJECTIVE_REPLAY,NEW_YORK,XAUUSD,False,examples/sample_243.html
sample_245,ROUND_LEVEL,2026-02-23,2026-02-23T06:15:00+00:00,FAST_FAILURE,AUTOMATIC_LABEL_FAST_SL_20_MAPPED_TO_FAST_FAILURE,SHORT,2,adelin_v2_pre_decision_sweep_v1,M5,5160.0,True,6,False,0.622302,False,0.230216,True,0.0,5163.56,5151.58,FVG_BEARISH,80.8,5151.92,M5_RECENT_LOW,True,sample_245,EXISTING_EXPANDED_OBJECTIVE_REPLAY,LONDON,XAUUSD,False,examples/sample_245.html
sample_247,ROUND_LEVEL,2026-03-20,2026-03-20T05:30:00+00:00,FAST_FAILURE,AUTOMATIC_LABEL_FAST_SL_20_MAPPED_TO_FAST_FAILURE,SHORT,2,adelin_v2_pre_decision_sweep_v1,M5,4730.0,True,5,True,0.17931,False,0.055172,False,18.1,4728.19,4723.5,FVG_BULLISH,58.4,4735.84,M15_RECENT_HIGH,True,sample_247,EXISTING_EXPANDED_OBJECTIVE_REPLAY,ASIA,XAUUSD,False,examples/sample_247.html
sample_249,ROUND_LEVEL,2026-04-20,2026-04-20T20:15:00+00:00,FAST_FAILURE,AUTOMATIC_LABEL_FAST_SL_20_MAPPED_TO_FAST_FAILURE,SHORT,2,adelin_v2_pre_decision_sweep_v1,M5,4810.0,True,20,False,0.291971,False,0.211679,False,0.0,4813.73,4809.47,FVG_BEARISH,5.9,4810.59,M5_RECENT_HIGH,True,sample_249,EXISTING_EXPANDED_OBJECTIVE_REPLAY,OTHER,XAUUSD,False,examples/sample_249.html
sample_250,SWEEP_EXTREME,2026-04-21,2026-04-21T01:15:00+00:00,CHOP_AFTER_ENTRY,AUTOMATIC_LABEL_GOOD_SLOW_REACTION_WITH_DIRTY_CHOP,SHORT,2,adelin_v2_pre_decision_sweep_v1,M5,4831.42,False,1,True,0.31068,False,0.582524,False,79.5,4823.47,4814.33,FVG_BULLISH,9.9,4832.41,M15_RECENT_HIGH,True,sample_250,EXISTING_EXPANDED_OBJECTIVE_REPLAY,ASIA,XAUUSD,False,examples/sample_250.html
sample_251,ROUND_LEVEL,2026-02-23,2026-02-23T14:15:00+00:00,FAST_FAILURE,AUTOMATIC_LABEL_FAST_SL_20_MAPPED_TO_FAST_FAILURE,LONG,3,adelin_v2_pre_decision_sweep_v1,M5,5150.0,True,14,False,0.550633,True,0.797468,False,0.2,5150.92,5150.02,FVG_BULLISH,48.9,5145.11,M5_RECENT_LOW,True,sample_251,EXISTING_EXPANDED_OBJECTIVE_REPLAY,NEW_YORK_OPEN,XAUUSD,False,examples/sample_251.html
sample_253,ROUND_LEVEL,2026-03-20,2026-03-20T12:30:00+00:00,FAST_FAILURE,AUTOMATIC_LABEL_FAST_SL_20_MAPPED_TO_FAST_FAILURE,LONG,3,adelin_v2_pre_decision_sweep_v1,M5,4660.0,False,12,True,0.656489,False,0.664122,True,101.9,4678.0,4670.19,FVG_BEARISH,140.4,4645.96,M15_RECENT_LOW,True,sample_253,EXISTING_EXPANDED_OBJECTIVE_REPLAY,NEW_YORK,XAUUSD,False,examples/sample_253.html
sample_255,ROUND_LEVEL,2026-04-21,2026-04-21T08:00:00+00:00,FAST_FAILURE,AUTOMATIC_LABEL_FAST_SL_20_MAPPED_TO_FAST_FAILURE,LONG,3,adelin_v2_pre_decision_sweep_v1,M5,4790.0,True,8,True,0.552885,False,0.019231,False,8.9,4791.26,4790.89,FVG_BEARISH,13.3,4788.67,M15_RECENT_LOW,True,sample_255,EXISTING_EXPANDED_OBJECTIVE_REPLAY,LONDON,XAUUSD,False,examples/sample_255.html
sample_256,SWEEP_EXTREME,2026-04-21,2026-04-21T13:30:00+00:00,CHOP_AFTER_ENTRY,AUTOMATIC_LABEL_GOOD_SLOW_REACTION_WITH_DIRTY_CHOP,LONG,3,adelin_v2_pre_decision_sweep_v1,M5,4780.9,True,13,False,0.292035,True,0.734513,False,3.4,4780.56,4779.75,FVG_BULLISH,0.0,4780.9,M5_RECENT_LOW,True,sample_256,EXISTING_EXPANDED_OBJECTIVE_REPLAY,NEW_YORK_OPEN,XAUUSD,False,examples/sample_256.html
sample_257,ROUND_LEVEL,2026-02-24,2026-02-24T09:30:00+00:00,FAST_FAILURE,AUTOMATIC_LABEL_FAST_SL_20_MAPPED_TO_FAST_FAILURE,SHORT,2,adelin_v2_pre_decision_sweep_v1,M5,5180.0,True,9,False,0.712062,True,1.0,True,0.0,5180.93,5173.34,FVG_BULLISH,58.3,5185.83,M5_RECENT_HIGH,True,sample_257,EXISTING_EXPANDED_OBJECTIVE_REPLAY,LONDON,XAUUSD,False,examples/sample_257.html
sample_259,ROUND_LEVEL,2026-03-23,2026-03-23T08:45:00+00:00,FAST_FAILURE,AUTOMATIC_LABEL_FAST_SL_20_MAPPED_TO_FAST_FAILURE,LONG,3,adelin_v2_pre_decision_sweep_v1,M5,4220.0,False,8,True,0.596462,False,0.023036,False,298.7,4271.68,4249.87,FVG_BEARISH,375.5,4182.45,M15_RECENT_LOW,True,sample_259,EXISTING_EXPANDED_OBJECTIVE_REPLAY,LONDON,XAUUSD,False,examples/sample_259.html
sample_261,ROUND_LEVEL,2026-04-21,2026-04-21T19:00:00+00:00,FAST_FAILURE,AUTOMATIC_LABEL_FAST_SL_20_MAPPED_TO_FAST_FAILURE,SHORT,3,adelin_v2_pre_decision_sweep_v1,M5,4730.0,False,19,True,0.511111,True,0.896296,False,78.2,4743.57,4737.82,FVG_BEARISH,62.8,4723.72,H1_RECENT_LOW,True,sample_261,EXISTING_EXPANDED_OBJECTIVE_REPLAY,OTHER,XAUUSD,False,examples/sample_261.html
sample_262,SWEEP_EXTREME,2026-04-22,2026-04-22T05:15:00+00:00,FAST_FAILURE,AUTOMATIC_LABEL_FAST_SL_20_MAPPED_TO_FAST_FAILURE,SHORT,2,adelin_v2_pre_decision_sweep_v1,M5,4755.22,False,5,True,0.05625,True,0.9375,False,74.8,4747.74,4747.73,FVG_BULLISH,9.4,4756.16,M15_RECENT_HIGH,True,sample_262,EXISTING_EXPANDED_OBJECTIVE_REPLAY,LONDON,XAUUSD,False,examples/sample_262.html
sample_263,ROUND_LEVEL,2026-02-24,2026-02-24T20:45:00+00:00,FAST_FAILURE,AUTOMATIC_LABEL_FAST_SL_20_MAPPED_TO_FAST_FAILURE,LONG,3,adelin_v2_pre_decision_sweep_v1,M5,5160.0,True,20,True,0.506329,False,0.227848,False,1.9,5163.79,5160.19,FVG_BULLISH,102.1,5170.21,M15_RECENT_HIGH,True,sample_263,EXISTING_EXPANDED_OBJECTIVE_REPLAY,OTHER,XAUUSD,False,examples/sample_263.html
sample_265,ROUND_LEVEL,2026-03-23,2026-03-23T19:30:00+00:00,GOOD_FAST_REACTION,AUTOMATIC_LABEL_GOOD_FAST_REACTION,SHORT,3,adelin_v2_pre_decision_sweep_v1,M5,4420.0,True,19,False,0.322848,False,0.524834,False,0.0,4433.31,4416.1,FVG_BULLISH,359.4,4455.94,M5_RECENT_HIGH,True,sample_265,EXISTING_EXPANDED_OBJECTIVE_REPLAY,OTHER,XAUUSD,False,examples/sample_265.html
sample_267,ROUND_LEVEL,2026-04-22,2026-04-22T14:45:00+00:00,FAST_FAILURE,AUTOMATIC_LABEL_FAST_SL_20_MAPPED_TO_FAST_FAILURE,LONG,2,adelin_v2_pre_decision_sweep_v1,M5,4750.0,True,14,True,0.767296,False,0.113208,True,0.4,4749.96,4749.67,FVG_BULLISH,42.7,4745.73,M15_RECENT_LOW,True,sample_267,EXISTING_EXPANDED_OBJECTIVE_REPLAY,NEW_YORK,XAUUSD,False,examples/sample_267.html
sample_269,ROUND_LEVEL,2026-02-25,2026-02-25T09:15:00+00:00,FAST_FAILURE,AUTOMATIC_LABEL_FAST_SL_20_MAPPED_TO_FAST_FAILURE,LONG,2,adelin_v2_pre_decision_sweep_v1,M5,5190.0,True,9,False,0.407407,False,0.540741,False,14.4,5188.56,5186.67,FVG_BULLISH,76.9,5182.31,M5_RECENT_LOW,True,sample_269,EXISTING_EXPANDED_OBJECTIVE_REPLAY,LONDON,XAUUSD,False,examples/sample_269.html
sample_271,ROUND_LEVEL,2026-03-24,2026-03-24T10:30:00+00:00,FAST_FAILURE,AUTOMATIC_LABEL_FAST_SL_20_MAPPED_TO_FAST_FAILURE,LONG,3,adelin_v2_pre_decision_sweep_v1,M5,4400.0,True,10,False,0.677485,False,0.677485,True,0.0,4402.02,4398.06,FVG_BEARISH,266.0,4373.4,M5_RECENT_LOW,True,sample_271,EXISTING_EXPANDED_OBJECTIVE_REPLAY,LONDON,XAUUSD,False,examples/sample_271.html
sample_272,SWEEP_EXTREME,2026-03-24,2026-03-24T14:45:00+00:00,GOOD_FAST_REACTION,AUTOMATIC_LABEL_GOOD_FAST_REACTION,LONG,2,adelin_v2_pre_decision_sweep_v1,M5,4362.38,False,14,True,0.693227,False,0.304117,True,188.8,4388.34,4381.26,FVG_BULLISH,0.0,4362.38,M15_RECENT_LOW,True,sample_272,EXISTING_EXPANDED_OBJECTIVE_REPLAY,NEW_YORK_OPEN,XAUUSD,False,examples/sample_272.html
sample_273,ROUND_LEVEL,2026-04-22,2026-04-22T19:00:00+00:00,FAST_FAILURE,AUTOMATIC_LABEL_FAST_SL_20_MAPPED_TO_FAST_FAILURE,LONG,2,adelin_v2_pre_decision_sweep_v1,M5,4730.0,True,19,True,0.876623,False,0.097403,True,5.5,4731.21,4730.55,FVG_BEARISH,50.5,4724.95,M15_RECENT_LOW,True,sample_273,EXISTING_EXPANDED_OBJECTIVE_REPLAY,OTHER,XAUUSD,False,examples/sample_273.html
sample_275,ROUND_LEVEL,2026-02-25,2026-02-25T17:15:00+00:00,FAST_FAILURE,AUTOMATIC_LABEL_FAST_SL_20_MAPPED_TO_FAST_FAILURE,SHORT,3,adelin_v2_pre_decision_sweep_v1,M5,5180.0,True,17,False,0.485714,False,0.652381,False,0.9,5179.91,5176.39,FVG_BULLISH,210.3,5158.97,M5_RECENT_LOW,True,sample_275,EXISTING_EXPANDED_OBJECTIVE_REPLAY,OTHER,XAUUSD,False,examples/sample_275.html
sample_277,ROUND_LEVEL,2026-03-24,2026-03-24T19:15:00+00:00,FAST_FAILURE,AUTOMATIC_LABEL_FAST_SL_20_MAPPED_TO_FAST_FAILURE,LONG,3,adelin_v2_pre_decision_sweep_v1,M5,4400.0,True,19,False,0.255914,True,0.724731,False,0.0,4408.11,4398.81,FVG_BEARISH,118.6,4388.14,M5_RECENT_LOW,True,sample_277,EXISTING_EXPANDED_OBJECTIVE_REPLAY,OTHER,XAUUSD,False,examples/sample_277.html
sample_279,ROUND_LEVEL,2026-04-23,2026-04-23T15:45:00+00:00,FAST_FAILURE,AUTOMATIC_LABEL_FAST_SL_20_MAPPED_TO_FAST_FAILURE,SHORT,3,adelin_v2_pre_decision_sweep_v1,M5,4740.0,False,15,True,0.716763,False,0.190751,True,44.1,4735.59,4735.05,FVG_BULLISH,25.4,4742.54,M15_RECENT_HIGH,True,sample_279,EXISTING_EXPANDED_OBJECTIVE_REPLAY,NEW_YORK,XAUUSD,False,examples/sample_279.html
sample_280,SWEEP_EXTREME,2026-04-23,2026-04-23T09:45:00+00:00,FAST_FAILURE,AUTOMATIC_LABEL_FAST_SL_20_MAPPED_TO_FAST_FAILURE,SHORT,3,adelin_v2_pre_decision_sweep_v1,M5,4718.15,True,9,False,0.912621,False,0.082524,True,0.0,4720.24,4714.8,FVG_BEARISH,0.0,4718.15,M5_RECENT_HIGH,True,sample_280,EXISTING_EXPANDED_OBJECTIVE_REPLAY,LONDON,XAUUSD,False,examples/sample_280.html
sample_281,ROUND_LEVEL,2026-02-26,2026-02-26T16:15:00+00:00,FAST_FAILURE,AUTOMATIC_LABEL_FAST_SL_20_MAPPED_TO_FAST_FAILURE,LONG,3,adelin_v2_pre_decision_sweep_v1,M5,5170.0,True,16,False,0.338346,True,0.992481,False,0.0,5170.96,5166.0,FVG_BEARISH,97.4,5160.26,M5_RECENT_LOW,True,sample_281,EXISTING_EXPANDED_OBJECTIVE_REPLAY,NEW_YORK,XAUUSD,False,examples/sample_281.html
sample_282,SWEEP_EXTREME,2026-02-26,2026-02-26T09:45:00+00:00,FAST_FAILURE,AUTOMATIC_LABEL_FAST_SL_20_MAPPED_TO_FAST_FAILURE,LONG,2,adelin_v2_pre_decision_sweep_v1,M5,5182.22,True,9,False,0.569892,False,0.430108,False,11.2,5183.81,5183.34,FVG_BULLISH,0.0,5182.22,M5_RECENT_LOW,True,sample_282,EXISTING_EXPANDED_OBJECTIVE_REPLAY,LONDON,XAUUSD,False,examples/sample_282.html
sample_283,ROUND_LEVEL,2026-03-25,2026-03-25T08:15:00+00:00,FAST_FAILURE,AUTOMATIC_LABEL_FAST_SL_20_MAPPED_TO_FAST_FAILURE,LONG,3,adelin_v2_pre_decision_sweep_v1,M5,4550.0,True,8,True,0.656098,False,0.336585,True,17.0,4553.84,4551.7,FVG_BEARISH,167.4,4533.26,M15_RECENT_LOW,True,sample_283,EXISTING_EXPANDED_OBJECTIVE_REPLAY,LONDON_OPEN,XAUUSD,False,examples/sample_283.html
sample_285,ROUND_LEVEL,2026-04-24,2026-04-24T06:00:00+00:00,MIXED_REACTION,AUTOMATIC_LABEL_GOOD_SLOW_REACTION_MAPPED_TO_MIXED_REACTION,LONG,3,adelin_v2_pre_decision_sweep_v1,M5,4670.0,False,6,True,0.088235,False,0.375,False,87.5,4680.17,4678.75,FVG_BEARISH,31.4,4673.14,M15_RECENT_LOW,True,sample_285,EXISTING_EXPANDED_OBJECTIVE_REPLAY,LONDON,XAUUSD,False,examples/sample_285.html
sample_286,SWEEP_EXTREME,2026-04-23,2026-04-23T20:00:00+00:00,GOOD_FAST_REACTION,AUTOMATIC_LABEL_GOOD_FAST_REACTION,SHORT,2,adelin_v2_pre_decision_sweep_v1,M5,4737.16,True,20,False,0.478723,False,0.510638,False,5.5,4736.61,4734.04,FVG_BEARISH,37.3,4740.89,M5_RECENT_HIGH,True,sample_286,EXISTING_EXPANDED_OBJECTIVE_REPLAY,OTHER,XAUUSD,False,examples/sample_286.html
sample_287,ROUND_LEVEL,2026-02-26,2026-02-26T20:45:00+00:00,MIXED_REACTION,AUTOMATIC_LABEL_GOOD_SLOW_REACTION_MAPPED_TO_MIXED_REACTION,LONG,3,adelin_v2_pre_decision_sweep_v1,M5,5180.0,True,20,False,0.203125,False,0.484375,False,0.0,5181.03,5176.71,FVG_BULLISH,104.5,5190.45,M5_RECENT_HIGH,True,sample_287,EXISTING_EXPANDED_OBJECTIVE_REPLAY,OTHER,XAUUSD,False,examples/sample_287.html
sample_289,ROUND_LEVEL,2026-03-25,2026-03-25T17:00:00+00:00,FAST_FAILURE,AUTOMATIC_LABEL_FAST_SL_20_MAPPED_TO_FAST_FAILURE,SHORT,3,adelin_v2_pre_decision_sweep_v1,M5,4550.0,True,17,False,0.258278,True,0.713024,False,0.0,4551.33,4548.54,FVG_BULLISH,170.1,4532.99,M5_RECENT_LOW,True,sample_289,EXISTING_EXPANDED_OBJECTIVE_REPLAY,OTHER,XAUUSD,False,examples/sample_289.html
sample_291,ROUND_LEVEL,2026-04-27,2026-04-27T02:45:00+00:00,FAST_FAILURE,AUTOMATIC_LABEL_FAST_SL_20_MAPPED_TO_FAST_FAILURE,LONG,2,adelin_v2_pre_decision_sweep_v1,M5,4680.0,True,2,True,0.387755,False,0.088435,False,0.0,4681.13,4679.69,FVG_BEARISH,51.9,4674.81,H1_RECENT_LOW,True,sample_291,EXISTING_EXPANDED_OBJECTIVE_REPLAY,ASIA,XAUUSD,False,examples/sample_291.html
sample_292,SWEEP_EXTREME,2026-04-27,2026-04-27T06:45:00+00:00,FAST_FAILURE,AUTOMATIC_LABEL_FAST_SL_20_MAPPED_TO_FAST_FAILURE,LONG,2,adelin_v2_pre_decision_sweep_v1,M5,4725.51,True,6,True,0.113208,False,0.345912,False,20.0,4723.51,4722.31,FVG_BULLISH,39.3,4729.44,H1_RECENT_HIGH,True,sample_292,EXISTING_EXPANDED_OBJECTIVE_REPLAY,LONDON_OPEN,XAUUSD,False,examples/sample_292.html
sample_293,ROUND_LEVEL,2026-03-26,2026-03-26T09:30:00+00:00,FAST_FAILURE,AUTOMATIC_LABEL_FAST_SL_20_MAPPED_TO_FAST_FAILURE,LONG,3,adelin_v2_pre_decision_sweep_v1,M5,4460.0,True,9,False,0.659649,True,0.778947,True,0.0,4460.21,4450.75,FVG_BEARISH,357.2,4495.72,M5_RECENT_HIGH,True,sample_293,EXISTING_EXPANDED_OBJECTIVE_REPLAY,LONDON,XAUUSD,False,examples/sample_293.html
sample_294,SWEEP_EXTREME,2026-03-26,2026-03-26T13:30:00+00:00,GOOD_FAST_REACTION,AUTOMATIC_LABEL_GOOD_FAST_REACTION,SHORT,3,adelin_v2_pre_decision_sweep_v1,M5,4456.64,True,13,False,0.088889,True,0.966667,False,0.0,4460.21,4450.75,FVG_BEARISH,0.0,4456.64,M5_RECENT_HIGH,True,sample_294,EXISTING_EXPANDED_OBJECTIVE_REPLAY,NEW_YORK,XAUUSD,False,examples/sample_294.html
sample_295,ROUND_LEVEL,2026-04-27,2026-04-27T16:15:00+00:00,FAST_FAILURE,AUTOMATIC_LABEL_FAST_SL_20_MAPPED_TO_FAST_FAILURE,LONG,2,adelin_v2_pre_decision_sweep_v1,M5,4700.0,True,16,True,0.045455,True,0.918182,False,6.1,4701.66,4700.61,FVG_BEARISH,66.9,4693.31,M15_RECENT_LOW,True,sample_295,EXISTING_EXPANDED_OBJECTIVE_REPLAY,OTHER,XAUUSD,False,examples/sample_295.html
sample_297,ROUND_LEVEL,2026-03-26,2026-03-26T17:30:00+00:00,GOOD_FAST_REACTION,AUTOMATIC_LABEL_GOOD_FAST_REACTION,LONG,3,adelin_v2_pre_decision_sweep_v1,M5,4440.0,True,17,False,0.588865,False,0.27409,False,5.8,4439.42,4436.09,FVG_BULLISH,107.3,4429.27,M5_RECENT_LOW,True,sample_297,EXISTING_EXPANDED_OBJECTIVE_REPLAY,OTHER,XAUUSD,False,examples/sample_297.html
sample_299,ROUND_LEVEL,2026-04-27,2026-04-27T20:15:00+00:00,FAST_FAILURE,AUTOMATIC_LABEL_FAST_SL_20_MAPPED_TO_FAST_FAILURE,LONG,2,adelin_v2_pre_decision_sweep_v1,M5,4680.0,True,20,False,0.540323,True,0.991935,False,0.2,4679.98,4679.38,FVG_BEARISH,25.5,4682.55,M5_RECENT_HIGH,True,sample_299,EXISTING_EXPANDED_OBJECTIVE_REPLAY,OTHER,XAUUSD,False,examples/sample_299.html
