diagnostic_outcome_group,direction_confidence,priority_reasons,priority_score,sample_id,sample_source,visual_html_path
MIXED_REACTION,2,SECONDARY_GROUP_REVIEW_ONLY|CONFIDENCE_2_DIRECTION_CAUTION,4,sample_001,EXISTING_EXPANDED_OBJECTIVE_REPLAY,examples/sample_001.html
FAST_FAILURE,2,CONFIDENCE_2_DIRECTION_CAUTION|FAST_WITH_H2_SUCCESS_MARKER_PRESENT,4,sample_016,EXISTING_EXPANDED_OBJECTIVE_REPLAY,examples/sample_016.html
FAST_FAILURE,2,CONFIDENCE_2_DIRECTION_CAUTION|FAST_WITH_H2_SUCCESS_MARKER_PRESENT,4,sample_020,EXISTING_EXPANDED_OBJECTIVE_REPLAY,examples/sample_020.html
FAST_FAILURE,2,CONFIDENCE_2_DIRECTION_CAUTION|FAST_WITH_H2_SUCCESS_MARKER_PRESENT,4,sample_034,EXISTING_EXPANDED_OBJECTIVE_REPLAY,examples/sample_034.html
CHOP_AFTER_ENTRY,2,SECONDARY_GROUP_REVIEW_ONLY|CONFIDENCE_2_DIRECTION_CAUTION,4,sample_050,EXISTING_EXPANDED_OBJECTIVE_REPLAY,examples/sample_050.html
FAST_FAILURE,2,CONFIDENCE_2_DIRECTION_CAUTION|FAST_WITH_H2_SUCCESS_MARKER_PRESENT,4,sample_064,EXISTING_EXPANDED_OBJECTIVE_REPLAY,examples/sample_064.html
CHOP_AFTER_ENTRY,2,SECONDARY_GROUP_REVIEW_ONLY|CONFIDENCE_2_DIRECTION_CAUTION,4,sample_071,EXISTING_EXPANDED_OBJECTIVE_REPLAY,examples/sample_071.html
FAST_FAILURE,2,CONFIDENCE_2_DIRECTION_CAUTION|FAST_WITH_H2_SUCCESS_MARKER_PRESENT,4,sample_072,EXISTING_EXPANDED_OBJECTIVE_REPLAY,examples/sample_072.html
FAST_FAILURE,2,CONFIDENCE_2_DIRECTION_CAUTION|FAST_WITH_H2_SUCCESS_MARKER_PRESENT,4,sample_082,EXISTING_EXPANDED_OBJECTIVE_REPLAY,examples/sample_082.html
CHOP_AFTER_ENTRY,2,SECONDARY_GROUP_REVIEW_ONLY|CONFIDENCE_2_DIRECTION_CAUTION,4,sample_089,EXISTING_EXPANDED_OBJECTIVE_REPLAY,examples/sample_089.html
FAST_FAILURE,2,CONFIDENCE_2_DIRECTION_CAUTION|FAST_WITH_H2_SUCCESS_MARKER_PRESENT,4,sample_093,EXISTING_EXPANDED_OBJECTIVE_REPLAY,examples/sample_093.html
GOOD_FAST_REACTION,2,CONFIDENCE_2_DIRECTION_CAUTION|GOOD_WITH_H1_FAILURE_MARKER_PRESENT,4,sample_099,EXISTING_EXPANDED_OBJECTIVE_REPLAY,examples/sample_099.html
FAST_FAILURE,2,CONFIDENCE_2_DIRECTION_CAUTION|FAST_WITH_H2_SUCCESS_MARKER_PRESENT,4,sample_104,EXISTING_EXPANDED_OBJECTIVE_REPLAY,examples/sample_104.html
MIXED_REACTION,2,SECONDARY_GROUP_REVIEW_ONLY|CONFIDENCE_2_DIRECTION_CAUTION,4,sample_105,EXISTING_EXPANDED_OBJECTIVE_REPLAY,examples/sample_105.html
FAST_FAILURE,2,CONFIDENCE_2_DIRECTION_CAUTION|FAST_WITH_H2_SUCCESS_MARKER_PRESENT,4,sample_114,EXISTING_EXPANDED_OBJECTIVE_REPLAY,examples/sample_114.html
CHOP_AFTER_ENTRY,2,SECONDARY_GROUP_REVIEW_ONLY|CONFIDENCE_2_DIRECTION_CAUTION,4,sample_122,EXISTING_EXPANDED_OBJECTIVE_REPLAY,examples/sample_122.html
FAST_FAILURE,2,CONFIDENCE_2_DIRECTION_CAUTION|FAST_WITH_H2_SUCCESS_MARKER_PRESENT,4,sample_123,EXISTING_EXPANDED_OBJECTIVE_REPLAY,examples/sample_123.html
CHOP_AFTER_ENTRY,2,SECONDARY_GROUP_REVIEW_ONLY|CONFIDENCE_2_DIRECTION_CAUTION,4,sample_165,EXISTING_EXPANDED_OBJECTIVE_REPLAY,examples/sample_165.html
FAST_FAILURE,2,CONFIDENCE_2_DIRECTION_CAUTION|FAST_WITH_H2_SUCCESS_MARKER_PRESENT,4,sample_167,EXISTING_EXPANDED_OBJECTIVE_REPLAY,examples/sample_167.html
GOOD_FAST_REACTION,2,CONFIDENCE_2_DIRECTION_CAUTION|GOOD_WITH_H1_FAILURE_MARKER_PRESENT,4,sample_169,EXISTING_EXPANDED_OBJECTIVE_REPLAY,examples/sample_169.html
GOOD_FAST_REACTION,2,CONFIDENCE_2_DIRECTION_CAUTION|GOOD_WITH_H1_FAILURE_MARKER_PRESENT,4,sample_177,EXISTING_EXPANDED_OBJECTIVE_REPLAY,examples/sample_177.html
CHOP_AFTER_ENTRY,2,SECONDARY_GROUP_REVIEW_ONLY|CONFIDENCE_2_DIRECTION_CAUTION,4,sample_178,EXISTING_EXPANDED_OBJECTIVE_REPLAY,examples/sample_178.html
CHOP_AFTER_ENTRY,2,SECONDARY_GROUP_REVIEW_ONLY|CONFIDENCE_2_DIRECTION_CAUTION,4,sample_180,EXISTING_EXPANDED_OBJECTIVE_REPLAY,examples/sample_180.html
CHOP_AFTER_ENTRY,2,SECONDARY_GROUP_REVIEW_ONLY|CONFIDENCE_2_DIRECTION_CAUTION,4,sample_181,EXISTING_EXPANDED_OBJECTIVE_REPLAY,examples/sample_181.html
MIXED_REACTION,2,SECONDARY_GROUP_REVIEW_ONLY|CONFIDENCE_2_DIRECTION_CAUTION,4,sample_185,EXISTING_EXPANDED_OBJECTIVE_REPLAY,examples/sample_185.html
GOOD_FAST_REACTION,2,CONFIDENCE_2_DIRECTION_CAUTION|GOOD_WITH_H1_FAILURE_MARKER_PRESENT,4,sample_190,EXISTING_EXPANDED_OBJECTIVE_REPLAY,examples/sample_190.html
CHOP_AFTER_ENTRY,2,SECONDARY_GROUP_REVIEW_ONLY|CONFIDENCE_2_DIRECTION_CAUTION,4,sample_194,EXISTING_EXPANDED_OBJECTIVE_REPLAY,examples/sample_194.html
FAST_FAILURE,2,CONFIDENCE_2_DIRECTION_CAUTION|FAST_WITH_H2_SUCCESS_MARKER_PRESENT,4,sample_195,EXISTING_EXPANDED_OBJECTIVE_REPLAY,examples/sample_195.html
GOOD_FAST_REACTION,2,CONFIDENCE_2_DIRECTION_CAUTION|GOOD_WITH_H1_FAILURE_MARKER_PRESENT,4,sample_198,EXISTING_EXPANDED_OBJECTIVE_REPLAY,examples/sample_198.html
MIXED_REACTION,2,SECONDARY_GROUP_REVIEW_ONLY|CONFIDENCE_2_DIRECTION_CAUTION,4,sample_200,EXISTING_EXPANDED_OBJECTIVE_REPLAY,examples/sample_200.html
FAST_FAILURE,2,CONFIDENCE_2_DIRECTION_CAUTION|FAST_WITH_H2_SUCCESS_MARKER_PRESENT,4,sample_202,EXISTING_EXPANDED_OBJECTIVE_REPLAY,examples/sample_202.html
FAST_FAILURE,2,CONFIDENCE_2_DIRECTION_CAUTION|FAST_WITH_H2_SUCCESS_MARKER_PRESENT,4,sample_206,EXISTING_EXPANDED_OBJECTIVE_REPLAY,examples/sample_206.html
MIXED_REACTION,2,SECONDARY_GROUP_REVIEW_ONLY|CONFIDENCE_2_DIRECTION_CAUTION,4,sample_207,EXISTING_EXPANDED_OBJECTIVE_REPLAY,examples/sample_207.html
CHOP_AFTER_ENTRY,2,SECONDARY_GROUP_REVIEW_ONLY|CONFIDENCE_2_DIRECTION_CAUTION,4,sample_209,EXISTING_EXPANDED_OBJECTIVE_REPLAY,examples/sample_209.html
MIXED_REACTION,2,SECONDARY_GROUP_REVIEW_ONLY|CONFIDENCE_2_DIRECTION_CAUTION,4,sample_218,EXISTING_EXPANDED_OBJECTIVE_REPLAY,examples/sample_218.html
FAST_FAILURE,2,CONFIDENCE_2_DIRECTION_CAUTION|FAST_WITH_H2_SUCCESS_MARKER_PRESENT,4,sample_221,EXISTING_EXPANDED_OBJECTIVE_REPLAY,examples/sample_221.html
CHOP_AFTER_ENTRY,2,SECONDARY_GROUP_REVIEW_ONLY|CONFIDENCE_2_DIRECTION_CAUTION,4,sample_222,EXISTING_EXPANDED_OBJECTIVE_REPLAY,examples/sample_222.html
FAST_FAILURE,2,CONFIDENCE_2_DIRECTION_CAUTION|FAST_WITH_H2_SUCCESS_MARKER_PRESENT,4,sample_223,EXISTING_EXPANDED_OBJECTIVE_REPLAY,examples/sample_223.html
FAST_FAILURE,2,CONFIDENCE_2_DIRECTION_CAUTION|FAST_WITH_H2_SUCCESS_MARKER_PRESENT,4,sample_236,EXISTING_EXPANDED_OBJECTIVE_REPLAY,examples/sample_236.html
FAST_FAILURE,2,CONFIDENCE_2_DIRECTION_CAUTION|FAST_WITH_H2_SUCCESS_MARKER_PRESENT,4,sample_239,EXISTING_EXPANDED_OBJECTIVE_REPLAY,examples/sample_239.html
FAST_FAILURE,2,CONFIDENCE_2_DIRECTION_CAUTION|FAST_WITH_H2_SUCCESS_MARKER_PRESENT,4,sample_242,EXISTING_EXPANDED_OBJECTIVE_REPLAY,examples/sample_242.html
FAST_FAILURE,2,CONFIDENCE_2_DIRECTION_CAUTION|FAST_WITH_H2_SUCCESS_MARKER_PRESENT,4,sample_247,EXISTING_EXPANDED_OBJECTIVE_REPLAY,examples/sample_247.html
CHOP_AFTER_ENTRY,2,SECONDARY_GROUP_REVIEW_ONLY|CONFIDENCE_2_DIRECTION_CAUTION,4,sample_250,EXISTING_EXPANDED_OBJECTIVE_REPLAY,examples/sample_250.html
FAST_FAILURE,2,CONFIDENCE_2_DIRECTION_CAUTION|FAST_WITH_H2_SUCCESS_MARKER_PRESENT,4,sample_262,EXISTING_EXPANDED_OBJECTIVE_REPLAY,examples/sample_262.html
FAST_FAILURE,2,CONFIDENCE_2_DIRECTION_CAUTION|FAST_WITH_H2_SUCCESS_MARKER_PRESENT,4,sample_267,EXISTING_EXPANDED_OBJECTIVE_REPLAY,examples/sample_267.html
FAST_FAILURE,2,CONFIDENCE_2_DIRECTION_CAUTION|FAST_WITH_H2_SUCCESS_MARKER_PRESENT,4,sample_273,EXISTING_EXPANDED_OBJECTIVE_REPLAY,examples/sample_273.html
GOOD_FAST_REACTION,2,CONFIDENCE_2_DIRECTION_CAUTION|GOOD_WITH_H1_FAILURE_MARKER_PRESENT,4,sample_286,EXISTING_EXPANDED_OBJECTIVE_REPLAY,examples/sample_286.html
FAST_FAILURE,2,CONFIDENCE_2_DIRECTION_CAUTION|FAST_WITH_H2_SUCCESS_MARKER_PRESENT,4,sample_291,EXISTING_EXPANDED_OBJECTIVE_REPLAY,examples/sample_291.html
FAST_FAILURE,2,CONFIDENCE_2_DIRECTION_CAUTION|FAST_WITH_H2_SUCCESS_MARKER_PRESENT,4,sample_292,EXISTING_EXPANDED_OBJECTIVE_REPLAY,examples/sample_292.html
FAST_FAILURE,2,CONFIDENCE_2_DIRECTION_CAUTION|FAST_WITH_H2_SUCCESS_MARKER_PRESENT,4,sample_295,EXISTING_EXPANDED_OBJECTIVE_REPLAY,examples/sample_295.html
FAST_FAILURE,3,FAST_WITH_H2_SUCCESS_MARKER_PRESENT,2,sample_008,EXISTING_EXPANDED_OBJECTIVE_REPLAY,examples/sample_008.html
MIXED_REACTION,3,SECONDARY_GROUP_REVIEW_ONLY,2,sample_009,EXISTING_EXPANDED_OBJECTIVE_REPLAY,examples/sample_009.html
FAST_FAILURE,2,CONFIDENCE_2_DIRECTION_CAUTION,2,sample_012,EXISTING_EXPANDED_OBJECTIVE_REPLAY,examples/sample_012.html
GOOD_FAST_REACTION,3,GOOD_WITH_H1_FAILURE_MARKER_PRESENT,2,sample_021,EXISTING_EXPANDED_OBJECTIVE_REPLAY,examples/sample_021.html
GOOD_FAST_REACTION,3,GOOD_WITH_H1_FAILURE_MARKER_PRESENT,2,sample_022,EXISTING_EXPANDED_OBJECTIVE_REPLAY,examples/sample_022.html
GOOD_FAST_REACTION,2,CONFIDENCE_2_DIRECTION_CAUTION,2,sample_027,EXISTING_EXPANDED_OBJECTIVE_REPLAY,examples/sample_027.html
CHOP_AFTER_ENTRY,3,SECONDARY_GROUP_REVIEW_ONLY,2,sample_030,EXISTING_EXPANDED_OBJECTIVE_REPLAY,examples/sample_030.html
FAST_FAILURE,2,CONFIDENCE_2_DIRECTION_CAUTION,2,sample_039,EXISTING_EXPANDED_OBJECTIVE_REPLAY,examples/sample_039.html
GOOD_FAST_REACTION,2,CONFIDENCE_2_DIRECTION_CAUTION,2,sample_044,EXISTING_EXPANDED_OBJECTIVE_REPLAY,examples/sample_044.html
FAST_FAILURE,3,FAST_WITH_H2_SUCCESS_MARKER_PRESENT,2,sample_047,EXISTING_EXPANDED_OBJECTIVE_REPLAY,examples/sample_047.html
GOOD_FAST_REACTION,3,GOOD_WITH_H1_FAILURE_MARKER_PRESENT,2,sample_051,EXISTING_EXPANDED_OBJECTIVE_REPLAY,examples/sample_051.html
CHOP_AFTER_ENTRY,3,SECONDARY_GROUP_REVIEW_ONLY,2,sample_053,EXISTING_EXPANDED_OBJECTIVE_REPLAY,examples/sample_053.html
GOOD_FAST_REACTION,3,GOOD_WITH_H1_FAILURE_MARKER_PRESENT,2,sample_054,EXISTING_EXPANDED_OBJECTIVE_REPLAY,examples/sample_054.html
FAST_FAILURE,3,FAST_WITH_H2_SUCCESS_MARKER_PRESENT,2,sample_057,EXISTING_EXPANDED_OBJECTIVE_REPLAY,examples/sample_057.html
GOOD_FAST_REACTION,2,CONFIDENCE_2_DIRECTION_CAUTION,2,sample_065,EXISTING_EXPANDED_OBJECTIVE_REPLAY,examples/sample_065.html
FAST_FAILURE,3,FAST_WITH_H2_SUCCESS_MARKER_PRESENT,2,sample_067,EXISTING_EXPANDED_OBJECTIVE_REPLAY,examples/sample_067.html
GOOD_FAST_REACTION,3,GOOD_WITH_H1_FAILURE_MARKER_PRESENT,2,sample_068,EXISTING_EXPANDED_OBJECTIVE_REPLAY,examples/sample_068.html
FAST_FAILURE,3,FAST_WITH_H2_SUCCESS_MARKER_PRESENT,2,sample_076,EXISTING_EXPANDED_OBJECTIVE_REPLAY,examples/sample_076.html
CHOP_AFTER_ENTRY,3,SECONDARY_GROUP_REVIEW_ONLY,2,sample_078,EXISTING_EXPANDED_OBJECTIVE_REPLAY,examples/sample_078.html
GOOD_FAST_REACTION,2,CONFIDENCE_2_DIRECTION_CAUTION,2,sample_079,EXISTING_EXPANDED_OBJECTIVE_REPLAY,examples/sample_079.html
CHOP_AFTER_ENTRY,3,SECONDARY_GROUP_REVIEW_ONLY,2,sample_085,EXISTING_EXPANDED_OBJECTIVE_REPLAY,examples/sample_085.html
GOOD_FAST_REACTION,3,GOOD_WITH_H1_FAILURE_MARKER_PRESENT,2,sample_094,EXISTING_EXPANDED_OBJECTIVE_REPLAY,examples/sample_094.html
GOOD_FAST_REACTION,3,GOOD_WITH_H1_FAILURE_MARKER_PRESENT,2,sample_095,EXISTING_EXPANDED_OBJECTIVE_REPLAY,examples/sample_095.html
CHOP_AFTER_ENTRY,3,SECONDARY_GROUP_REVIEW_ONLY,2,sample_098,EXISTING_EXPANDED_OBJECTIVE_REPLAY,examples/sample_098.html
CHOP_AFTER_ENTRY,3,SECONDARY_GROUP_REVIEW_ONLY,2,sample_102,EXISTING_EXPANDED_OBJECTIVE_REPLAY,examples/sample_102.html
CHOP_AFTER_ENTRY,3,SECONDARY_GROUP_REVIEW_ONLY,2,sample_103,EXISTING_EXPANDED_OBJECTIVE_REPLAY,examples/sample_103.html
GOOD_FAST_REACTION,3,GOOD_WITH_H1_FAILURE_MARKER_PRESENT,2,sample_106,EXISTING_EXPANDED_OBJECTIVE_REPLAY,examples/sample_106.html
FAST_FAILURE,3,FAST_WITH_H2_SUCCESS_MARKER_PRESENT,2,sample_109,EXISTING_EXPANDED_OBJECTIVE_REPLAY,examples/sample_109.html
FAST_FAILURE,2,CONFIDENCE_2_DIRECTION_CAUTION,2,sample_110,EXISTING_EXPANDED_OBJECTIVE_REPLAY,examples/sample_110.html
FAST_FAILURE,3,FAST_WITH_H2_SUCCESS_MARKER_PRESENT,2,sample_112,EXISTING_EXPANDED_OBJECTIVE_REPLAY,examples/sample_112.html
CHOP_AFTER_ENTRY,3,SECONDARY_GROUP_REVIEW_ONLY,2,sample_113,EXISTING_EXPANDED_OBJECTIVE_REPLAY,examples/sample_113.html
GOOD_FAST_REACTION,2,CONFIDENCE_2_DIRECTION_CAUTION,2,sample_117,EXISTING_EXPANDED_OBJECTIVE_REPLAY,examples/sample_117.html
FAST_FAILURE,2,CONFIDENCE_2_DIRECTION_CAUTION,2,sample_119,EXISTING_EXPANDED_OBJECTIVE_REPLAY,examples/sample_119.html
FAST_FAILURE,2,CONFIDENCE_2_DIRECTION_CAUTION,2,sample_121,EXISTING_EXPANDED_OBJECTIVE_REPLAY,examples/sample_121.html
FAST_FAILURE,2,CONFIDENCE_2_DIRECTION_CAUTION,2,sample_127,EXISTING_EXPANDED_OBJECTIVE_REPLAY,examples/sample_127.html
CHOP_AFTER_ENTRY,3,SECONDARY_GROUP_REVIEW_ONLY,2,sample_128,EXISTING_EXPANDED_OBJECTIVE_REPLAY,examples/sample_128.html
GOOD_FAST_REACTION,2,CONFIDENCE_2_DIRECTION_CAUTION,2,sample_129,EXISTING_EXPANDED_OBJECTIVE_REPLAY,examples/sample_129.html
GOOD_FAST_REACTION,3,GOOD_WITH_H1_FAILURE_MARKER_PRESENT,2,sample_130,EXISTING_EXPANDED_OBJECTIVE_REPLAY,examples/sample_130.html
FAST_FAILURE,2,CONFIDENCE_2_DIRECTION_CAUTION,2,sample_139,EXISTING_EXPANDED_OBJECTIVE_REPLAY,examples/sample_139.html
FAST_FAILURE,3,FAST_WITH_H2_SUCCESS_MARKER_PRESENT,2,sample_140,EXISTING_EXPANDED_OBJECTIVE_REPLAY,examples/sample_140.html
GOOD_FAST_REACTION,3,GOOD_WITH_H1_FAILURE_MARKER_PRESENT,2,sample_147,EXISTING_EXPANDED_OBJECTIVE_REPLAY,examples/sample_147.html
FAST_FAILURE,3,FAST_WITH_H2_SUCCESS_MARKER_PRESENT,2,sample_149,EXISTING_EXPANDED_OBJECTIVE_REPLAY,examples/sample_149.html
FAST_FAILURE,2,CONFIDENCE_2_DIRECTION_CAUTION,2,sample_152,EXISTING_EXPANDED_OBJECTIVE_REPLAY,examples/sample_152.html
FAST_FAILURE,3,FAST_WITH_H2_SUCCESS_MARKER_PRESENT,2,sample_153,EXISTING_EXPANDED_OBJECTIVE_REPLAY,examples/sample_153.html
MIXED_REACTION,3,SECONDARY_GROUP_REVIEW_ONLY,2,sample_160,EXISTING_EXPANDED_OBJECTIVE_REPLAY,examples/sample_160.html
CHOP_AFTER_ENTRY,3,SECONDARY_GROUP_REVIEW_ONLY,2,sample_161,EXISTING_EXPANDED_OBJECTIVE_REPLAY,examples/sample_161.html
GOOD_FAST_REACTION,2,CONFIDENCE_2_DIRECTION_CAUTION,2,sample_164,EXISTING_EXPANDED_OBJECTIVE_REPLAY,examples/sample_164.html
CHOP_AFTER_ENTRY,3,SECONDARY_GROUP_REVIEW_ONLY,2,sample_166,EXISTING_EXPANDED_OBJECTIVE_REPLAY,examples/sample_166.html
CHOP_AFTER_ENTRY,3,SECONDARY_GROUP_REVIEW_ONLY,2,sample_171,EXISTING_EXPANDED_OBJECTIVE_REPLAY,examples/sample_171.html
FAST_FAILURE,2,CONFIDENCE_2_DIRECTION_CAUTION,2,sample_175,EXISTING_EXPANDED_OBJECTIVE_REPLAY,examples/sample_175.html
FAST_FAILURE,3,FAST_WITH_H2_SUCCESS_MARKER_PRESENT,2,sample_182,EXISTING_EXPANDED_OBJECTIVE_REPLAY,examples/sample_182.html
FAST_FAILURE,2,CONFIDENCE_2_DIRECTION_CAUTION,2,sample_187,EXISTING_EXPANDED_OBJECTIVE_REPLAY,examples/sample_187.html
FAST_FAILURE,3,FAST_WITH_H2_SUCCESS_MARKER_PRESENT,2,sample_189,EXISTING_EXPANDED_OBJECTIVE_REPLAY,examples/sample_189.html
MIXED_REACTION,3,SECONDARY_GROUP_REVIEW_ONLY,2,sample_191,EXISTING_EXPANDED_OBJECTIVE_REPLAY,examples/sample_191.html
GOOD_FAST_REACTION,3,GOOD_WITH_H1_FAILURE_MARKER_PRESENT,2,sample_192,EXISTING_EXPANDED_OBJECTIVE_REPLAY,examples/sample_192.html
FAST_FAILURE,3,FAST_WITH_H2_SUCCESS_MARKER_PRESENT,2,sample_193,EXISTING_EXPANDED_OBJECTIVE_REPLAY,examples/sample_193.html
FAST_FAILURE,2,CONFIDENCE_2_DIRECTION_CAUTION,2,sample_197,EXISTING_EXPANDED_OBJECTIVE_REPLAY,examples/sample_197.html
GOOD_FAST_REACTION,3,GOOD_WITH_H1_FAILURE_MARKER_PRESENT,2,sample_199,EXISTING_EXPANDED_OBJECTIVE_REPLAY,examples/sample_199.html
FAST_FAILURE,3,FAST_WITH_H2_SUCCESS_MARKER_PRESENT,2,sample_201,EXISTING_EXPANDED_OBJECTIVE_REPLAY,examples/sample_201.html
FAST_FAILURE,3,FAST_WITH_H2_SUCCESS_MARKER_PRESENT,2,sample_203,EXISTING_EXPANDED_OBJECTIVE_REPLAY,examples/sample_203.html
GOOD_FAST_REACTION,2,CONFIDENCE_2_DIRECTION_CAUTION,2,sample_211,EXISTING_EXPANDED_OBJECTIVE_REPLAY,examples/sample_211.html
GOOD_FAST_REACTION,2,CONFIDENCE_2_DIRECTION_CAUTION,2,sample_212,EXISTING_EXPANDED_OBJECTIVE_REPLAY,examples/sample_212.html
FAST_FAILURE,2,CONFIDENCE_2_DIRECTION_CAUTION,2,sample_213,EXISTING_EXPANDED_OBJECTIVE_REPLAY,examples/sample_213.html
FAST_FAILURE,3,FAST_WITH_H2_SUCCESS_MARKER_PRESENT,2,sample_215,EXISTING_EXPANDED_OBJECTIVE_REPLAY,examples/sample_215.html
CHOP_AFTER_ENTRY,3,SECONDARY_GROUP_REVIEW_ONLY,2,sample_217,EXISTING_EXPANDED_OBJECTIVE_REPLAY,examples/sample_217.html
GOOD_FAST_REACTION,2,CONFIDENCE_2_DIRECTION_CAUTION,2,sample_220,EXISTING_EXPANDED_OBJECTIVE_REPLAY,examples/sample_220.html
FAST_FAILURE,2,CONFIDENCE_2_DIRECTION_CAUTION,2,sample_225,EXISTING_EXPANDED_OBJECTIVE_REPLAY,examples/sample_225.html
FAST_FAILURE,2,CONFIDENCE_2_DIRECTION_CAUTION,2,sample_226,EXISTING_EXPANDED_OBJECTIVE_REPLAY,examples/sample_226.html
FAST_FAILURE,3,FAST_WITH_H2_SUCCESS_MARKER_PRESENT,2,sample_227,EXISTING_EXPANDED_OBJECTIVE_REPLAY,examples/sample_227.html
GOOD_FAST_REACTION,3,GOOD_WITH_H1_FAILURE_MARKER_PRESENT,2,sample_230,EXISTING_EXPANDED_OBJECTIVE_REPLAY,examples/sample_230.html
FAST_FAILURE,2,CONFIDENCE_2_DIRECTION_CAUTION,2,sample_231,EXISTING_EXPANDED_OBJECTIVE_REPLAY,examples/sample_231.html
CHOP_AFTER_ENTRY,3,SECONDARY_GROUP_REVIEW_ONLY,2,sample_233,EXISTING_EXPANDED_OBJECTIVE_REPLAY,examples/sample_233.html
FAST_FAILURE,3,FAST_WITH_H2_SUCCESS_MARKER_PRESENT,2,sample_235,EXISTING_EXPANDED_OBJECTIVE_REPLAY,examples/sample_235.html
FAST_FAILURE,2,CONFIDENCE_2_DIRECTION_CAUTION,2,sample_237,EXISTING_EXPANDED_OBJECTIVE_REPLAY,examples/sample_237.html
FAST_FAILURE,2,CONFIDENCE_2_DIRECTION_CAUTION,2,sample_241,EXISTING_EXPANDED_OBJECTIVE_REPLAY,examples/sample_241.html
FAST_FAILURE,2,CONFIDENCE_2_DIRECTION_CAUTION,2,sample_243,EXISTING_EXPANDED_OBJECTIVE_REPLAY,examples/sample_243.html
FAST_FAILURE,2,CONFIDENCE_2_DIRECTION_CAUTION,2,sample_245,EXISTING_EXPANDED_OBJECTIVE_REPLAY,examples/sample_245.html
FAST_FAILURE,2,CONFIDENCE_2_DIRECTION_CAUTION,2,sample_249,EXISTING_EXPANDED_OBJECTIVE_REPLAY,examples/sample_249.html
FAST_FAILURE,3,FAST_WITH_H2_SUCCESS_MARKER_PRESENT,2,sample_253,EXISTING_EXPANDED_OBJECTIVE_REPLAY,examples/sample_253.html
FAST_FAILURE,3,FAST_WITH_H2_SUCCESS_MARKER_PRESENT,2,sample_255,EXISTING_EXPANDED_OBJECTIVE_REPLAY,examples/sample_255.html
CHOP_AFTER_ENTRY,3,SECONDARY_GROUP_REVIEW_ONLY,2,sample_256,EXISTING_EXPANDED_OBJECTIVE_REPLAY,examples/sample_256.html
FAST_FAILURE,2,CONFIDENCE_2_DIRECTION_CAUTION,2,sample_257,EXISTING_EXPANDED_OBJECTIVE_REPLAY,examples/sample_257.html
FAST_FAILURE,3,FAST_WITH_H2_SUCCESS_MARKER_PRESENT,2,sample_259,EXISTING_EXPANDED_OBJECTIVE_REPLAY,examples/sample_259.html
FAST_FAILURE,3,FAST_WITH_H2_SUCCESS_MARKER_PRESENT,2,sample_261,EXISTING_EXPANDED_OBJECTIVE_REPLAY,examples/sample_261.html
FAST_FAILURE,3,FAST_WITH_H2_SUCCESS_MARKER_PRESENT,2,sample_263,EXISTING_EXPANDED_OBJECTIVE_REPLAY,examples/sample_263.html
GOOD_FAST_REACTION,3,GOOD_WITH_H1_FAILURE_MARKER_PRESENT,2,sample_265,EXISTING_EXPANDED_OBJECTIVE_REPLAY,examples/sample_265.html
FAST_FAILURE,2,CONFIDENCE_2_DIRECTION_CAUTION,2,sample_269,EXISTING_EXPANDED_OBJECTIVE_REPLAY,examples/sample_269.html
GOOD_FAST_REACTION,2,CONFIDENCE_2_DIRECTION_CAUTION,2,sample_272,EXISTING_EXPANDED_OBJECTIVE_REPLAY,examples/sample_272.html
FAST_FAILURE,3,FAST_WITH_H2_SUCCESS_MARKER_PRESENT,2,sample_279,EXISTING_EXPANDED_OBJECTIVE_REPLAY,examples/sample_279.html
FAST_FAILURE,2,CONFIDENCE_2_DIRECTION_CAUTION,2,sample_282,EXISTING_EXPANDED_OBJECTIVE_REPLAY,examples/sample_282.html
FAST_FAILURE,3,FAST_WITH_H2_SUCCESS_MARKER_PRESENT,2,sample_283,EXISTING_EXPANDED_OBJECTIVE_REPLAY,examples/sample_283.html
MIXED_REACTION,3,SECONDARY_GROUP_REVIEW_ONLY,2,sample_285,EXISTING_EXPANDED_OBJECTIVE_REPLAY,examples/sample_285.html
MIXED_REACTION,3,SECONDARY_GROUP_REVIEW_ONLY,2,sample_287,EXISTING_EXPANDED_OBJECTIVE_REPLAY,examples/sample_287.html
GOOD_FAST_REACTION,3,GOOD_WITH_H1_FAILURE_MARKER_PRESENT,2,sample_294,EXISTING_EXPANDED_OBJECTIVE_REPLAY,examples/sample_294.html
GOOD_FAST_REACTION,3,GOOD_WITH_H1_FAILURE_MARKER_PRESENT,2,sample_297,EXISTING_EXPANDED_OBJECTIVE_REPLAY,examples/sample_297.html
FAST_FAILURE,2,CONFIDENCE_2_DIRECTION_CAUTION,2,sample_299,EXISTING_EXPANDED_OBJECTIVE_REPLAY,examples/sample_299.html
GOOD_FAST_REACTION,3,LOW_PRIORITY_BASELINE,0,sample_002,EXISTING_EXPANDED_OBJECTIVE_REPLAY,examples/sample_002.html
FAST_FAILURE,3,LOW_PRIORITY_BASELINE,0,sample_004,EXISTING_EXPANDED_OBJECTIVE_REPLAY,examples/sample_004.html
GOOD_FAST_REACTION,3,LOW_PRIORITY_BASELINE,0,sample_013,EXISTING_EXPANDED_OBJECTIVE_REPLAY,examples/sample_013.html
FAST_FAILURE,3,LOW_PRIORITY_BASELINE,0,sample_026,EXISTING_EXPANDED_OBJECTIVE_REPLAY,examples/sample_026.html
GOOD_FAST_REACTION,3,LOW_PRIORITY_BASELINE,0,sample_031,EXISTING_EXPANDED_OBJECTIVE_REPLAY,examples/sample_031.html
FAST_FAILURE,3,LOW_PRIORITY_BASELINE,0,sample_037,EXISTING_EXPANDED_OBJECTIVE_REPLAY,examples/sample_037.html
GOOD_FAST_REACTION,3,LOW_PRIORITY_BASELINE,0,sample_038,EXISTING_EXPANDED_OBJECTIVE_REPLAY,examples/sample_038.html
FAST_FAILURE,3,LOW_PRIORITY_BASELINE,0,sample_043,EXISTING_EXPANDED_OBJECTIVE_REPLAY,examples/sample_043.html
FAST_FAILURE,3,LOW_PRIORITY_BASELINE,0,sample_061,EXISTING_EXPANDED_OBJECTIVE_REPLAY,examples/sample_061.html
FAST_FAILURE,3,LOW_PRIORITY_BASELINE,0,sample_081,EXISTING_EXPANDED_OBJECTIVE_REPLAY,examples/sample_081.html
FAST_FAILURE,3,LOW_PRIORITY_BASELINE,0,sample_092,EXISTING_EXPANDED_OBJECTIVE_REPLAY,examples/sample_092.html
FAST_FAILURE,3,LOW_PRIORITY_BASELINE,0,sample_116,EXISTING_EXPANDED_OBJECTIVE_REPLAY,examples/sample_116.html
GOOD_FAST_REACTION,3,LOW_PRIORITY_BASELINE,0,sample_120,EXISTING_EXPANDED_OBJECTIVE_REPLAY,examples/sample_120.html
FAST_FAILURE,3,LOW_PRIORITY_BASELINE,0,sample_125,EXISTING_EXPANDED_OBJECTIVE_REPLAY,examples/sample_125.html
FAST_FAILURE,3,LOW_PRIORITY_BASELINE,0,sample_131,EXISTING_EXPANDED_OBJECTIVE_REPLAY,examples/sample_131.html
FAST_FAILURE,3,LOW_PRIORITY_BASELINE,0,sample_133,EXISTING_EXPANDED_OBJECTIVE_REPLAY,examples/sample_133.html
GOOD_FAST_REACTION,3,LOW_PRIORITY_BASELINE,0,sample_134,EXISTING_EXPANDED_OBJECTIVE_REPLAY,examples/sample_134.html
FAST_FAILURE,3,LOW_PRIORITY_BASELINE,0,sample_135,EXISTING_EXPANDED_OBJECTIVE_REPLAY,examples/sample_135.html
GOOD_FAST_REACTION,3,LOW_PRIORITY_BASELINE,0,sample_137,EXISTING_EXPANDED_OBJECTIVE_REPLAY,examples/sample_137.html
FAST_FAILURE,3,LOW_PRIORITY_BASELINE,0,sample_141,EXISTING_EXPANDED_OBJECTIVE_REPLAY,examples/sample_141.html
GOOD_FAST_REACTION,3,LOW_PRIORITY_BASELINE,0,sample_142,EXISTING_EXPANDED_OBJECTIVE_REPLAY,examples/sample_142.html
FAST_FAILURE,3,LOW_PRIORITY_BASELINE,0,sample_143,EXISTING_EXPANDED_OBJECTIVE_REPLAY,examples/sample_143.html
FAST_FAILURE,3,LOW_PRIORITY_BASELINE,0,sample_145,EXISTING_EXPANDED_OBJECTIVE_REPLAY,examples/sample_145.html
GOOD_FAST_REACTION,3,LOW_PRIORITY_BASELINE,0,sample_148,EXISTING_EXPANDED_OBJECTIVE_REPLAY,examples/sample_148.html
FAST_FAILURE,3,LOW_PRIORITY_BASELINE,0,sample_151,EXISTING_EXPANDED_OBJECTIVE_REPLAY,examples/sample_151.html
FAST_FAILURE,3,LOW_PRIORITY_BASELINE,0,sample_154,EXISTING_EXPANDED_OBJECTIVE_REPLAY,examples/sample_154.html
FAST_FAILURE,3,LOW_PRIORITY_BASELINE,0,sample_155,EXISTING_EXPANDED_OBJECTIVE_REPLAY,examples/sample_155.html
FAST_FAILURE,3,LOW_PRIORITY_BASELINE,0,sample_157,EXISTING_EXPANDED_OBJECTIVE_REPLAY,examples/sample_157.html
FAST_FAILURE,3,LOW_PRIORITY_BASELINE,0,sample_159,EXISTING_EXPANDED_OBJECTIVE_REPLAY,examples/sample_159.html
GOOD_FAST_REACTION,3,LOW_PRIORITY_BASELINE,0,sample_163,EXISTING_EXPANDED_OBJECTIVE_REPLAY,examples/sample_163.html
GOOD_FAST_REACTION,3,LOW_PRIORITY_BASELINE,0,sample_170,EXISTING_EXPANDED_OBJECTIVE_REPLAY,examples/sample_170.html
FAST_FAILURE,3,LOW_PRIORITY_BASELINE,0,sample_173,EXISTING_EXPANDED_OBJECTIVE_REPLAY,examples/sample_173.html
FAST_FAILURE,3,LOW_PRIORITY_BASELINE,0,sample_179,EXISTING_EXPANDED_OBJECTIVE_REPLAY,examples/sample_179.html
FAST_FAILURE,3,LOW_PRIORITY_BASELINE,0,sample_183,EXISTING_EXPANDED_OBJECTIVE_REPLAY,examples/sample_183.html
GOOD_FAST_REACTION,3,LOW_PRIORITY_BASELINE,0,sample_186,EXISTING_EXPANDED_OBJECTIVE_REPLAY,examples/sample_186.html
FAST_FAILURE,3,LOW_PRIORITY_BASELINE,0,sample_204,EXISTING_EXPANDED_OBJECTIVE_REPLAY,examples/sample_204.html
FAST_FAILURE,3,LOW_PRIORITY_BASELINE,0,sample_205,EXISTING_EXPANDED_OBJECTIVE_REPLAY,examples/sample_205.html
FAST_FAILURE,3,LOW_PRIORITY_BASELINE,0,sample_214,EXISTING_EXPANDED_OBJECTIVE_REPLAY,examples/sample_214.html
FAST_FAILURE,3,LOW_PRIORITY_BASELINE,0,sample_219,EXISTING_EXPANDED_OBJECTIVE_REPLAY,examples/sample_219.html
FAST_FAILURE,3,LOW_PRIORITY_BASELINE,0,sample_228,EXISTING_EXPANDED_OBJECTIVE_REPLAY,examples/sample_228.html
FAST_FAILURE,3,LOW_PRIORITY_BASELINE,0,sample_229,EXISTING_EXPANDED_OBJECTIVE_REPLAY,examples/sample_229.html
GOOD_FAST_REACTION,3,LOW_PRIORITY_BASELINE,0,sample_238,EXISTING_EXPANDED_OBJECTIVE_REPLAY,examples/sample_238.html
GOOD_FAST_REACTION,3,LOW_PRIORITY_BASELINE,0,sample_240,EXISTING_EXPANDED_OBJECTIVE_REPLAY,examples/sample_240.html
FAST_FAILURE,3,LOW_PRIORITY_BASELINE,0,sample_251,EXISTING_EXPANDED_OBJECTIVE_REPLAY,examples/sample_251.html
FAST_FAILURE,3,LOW_PRIORITY_BASELINE,0,sample_271,EXISTING_EXPANDED_OBJECTIVE_REPLAY,examples/sample_271.html
FAST_FAILURE,3,LOW_PRIORITY_BASELINE,0,sample_275,EXISTING_EXPANDED_OBJECTIVE_REPLAY,examples/sample_275.html
FAST_FAILURE,3,LOW_PRIORITY_BASELINE,0,sample_277,EXISTING_EXPANDED_OBJECTIVE_REPLAY,examples/sample_277.html
FAST_FAILURE,3,LOW_PRIORITY_BASELINE,0,sample_280,EXISTING_EXPANDED_OBJECTIVE_REPLAY,examples/sample_280.html
FAST_FAILURE,3,LOW_PRIORITY_BASELINE,0,sample_281,EXISTING_EXPANDED_OBJECTIVE_REPLAY,examples/sample_281.html
FAST_FAILURE,3,LOW_PRIORITY_BASELINE,0,sample_289,EXISTING_EXPANDED_OBJECTIVE_REPLAY,examples/sample_289.html
FAST_FAILURE,3,LOW_PRIORITY_BASELINE,0,sample_293,EXISTING_EXPANDED_OBJECTIVE_REPLAY,examples/sample_293.html
