row_type,sample_id,symbol,anchor_timestamp,source_mode,session,direction_guess,direction_confidence,direction_source_timeframe,sweep_type,swept_level,sweep_extreme,sweep_timestamp,direction_reason_codes,entry_hypothesis_type,entry_price,entry_level_source,entry_level_confidence,entry_level_reason_codes,entry_is_heuristic,entry_level_is_heuristic,entry_direction_conflict,pip_size,sl_20_price,sl_40_price,sl_20_hit,sl_40_hit,time_to_sl_20_minutes,time_to_sl_40_minutes,reaction_5m_pips,reaction_15m_pips,reaction_30m_pips,reaction_60m_pips,reaction_240m_pips,time_to_50_pips_minutes,time_to_100_pips_minutes,time_to_250_pips_minutes,time_to_500_pips_minutes,time_to_1000_pips_minutes,fast_reaction_100pips_15m,slow_reaction_100pips_30m_plus,immediate_reaction_good,max_favorable_pips,max_adverse_pips,time_to_max_favorable_minutes,time_to_max_adverse_minutes,hit_50_pips,hit_100_pips,hit_250_pips,hit_500_pips,hit_1000_pips,be_possible_after_100_pips,returned_to_entry_after_100_pips,be_would_protect_after_100_pips,accumulation_after_entry,dirty_chop_after_entry,entry_cross_count_first_60m,m5_followthrough_quality,automatic_outcome_label,secondary_outcome_flags,reason_codes,limitations,visual_html_path
CANDIDATE,sample_001,XAUUSD,2026-05-19T17:15:00+00:00,CANDIDATE_WINDOW_MODE,OTHER,SHORT,HIGH,M5,UPWARD_SWEEP,4512.29,4514.42,2026-05-19T17:05:00+00:00,RECENT_LOCAL_HIGH_TAKEN_AND_REJECTED_OR_STALLED,ROUND_LEVEL_TOUCH_ENTRY,4490.0,ROUND_LEVEL,HIGH,EXPLICIT_ROUND_LEVEL_METADATA,True,True,False,0.1,4492.0,4494.0,True,True,0.0,0.0,-5.5,-71.2,-19.0,-96.9,-152.7,6.0,,,,,False,False,True,55.4,224.5,10.0,137.0,True,False,False,False,False,False,False,False,False,True,10,CHOP,FAST_SL_20,DIRTY_CHOP_AFTER_ENTRY,EXPLICIT_ROUND_LEVEL_METADATA|SL20_BEFORE_50P,,examples/sample_001.html
CANDIDATE,sample_002,XAUUSD,2026-05-19T15:15:00+00:00,CANDIDATE_WINDOW_MODE,NEW_YORK,SHORT,HIGH,M5,UPWARD_SWEEP,4542.48,4546.68,2026-05-19T15:10:00+00:00,RECENT_LOCAL_HIGH_TAKEN_AND_REJECTED_OR_STALLED,ROUND_LEVEL_TOUCH_ENTRY,4546.68,SWEEP_EXTREME,MEDIUM,DIRECTION_INFERRED_SWEEP_EXTREME_HEURISTIC|M5_UPWARD_SWEEP,True,True,False,0.1,4548.68,4550.68,False,False,,,41.8,20.7,92.5,212.7,456.5,0.0,30.0,50.0,74.0,,False,True,True,820.0,4.8,76.0,21.0,True,True,True,True,False,True,False,False,False,False,0,GOOD,GOOD_SLOW_REACTION,,DIRECTION_INFERRED_SWEEP_EXTREME_HEURISTIC|M5_UPWARD_SWEEP|SLOW_100P_REACTION,,examples/sample_002.html
CANDIDATE,sample_003,XAUUSD,2026-05-19T19:30:00+00:00,CANDIDATE_WINDOW_MODE,OTHER,SHORT,MEDIUM,M5,UPWARD_SWEEP,4511.97,4512.45,2026-05-19T19:30:00+00:00,RECENT_LOCAL_HIGH_TAKEN_AND_REJECTED_OR_STALLED,ROUND_LEVEL_TOUCH_ENTRY,4512.45,SWEEP_EXTREME,MEDIUM,DIRECTION_INFERRED_SWEEP_EXTREME_HEURISTIC|M5_UPWARD_SWEEP,True,True,False,0.1,,,False,False,,,,,,,,,,,,,False,False,False,,,,,False,False,False,False,False,False,False,False,False,False,,UNKNOWN,UNKNOWN_INSUFFICIENT_FORWARD_DATA,,UNKNOWN_INSUFFICIENT_FORWARD_DATA|DIRECTION_INFERRED_SWEEP_EXTREME_HEURISTIC|M5_UPWARD_SWEEP,LESS_THAN_60_MINUTES_FORWARD_DATA,examples/sample_003.html
CANDIDATE,sample_004,XAUUSD,2026-05-19T10:45:00+00:00,CANDIDATE_WINDOW_MODE,LONDON,LONG,MEDIUM,M5,DOWNWARD_SWEEP,4542.56,4541.41,2026-05-19T10:40:00+00:00,RECENT_LOCAL_LOW_TAKEN_AND_REJECTED_OR_STALLED,UNKNOWN_ENTRY_LEVEL,,UNKNOWN,UNKNOWN,EXPLICIT_SWEPT_LIQUIDITY_LEVEL_METADATA|ENTRY_DIRECTION_CONFLICT,True,True,True,0.1,,,False,False,,,,,,,,,,,,,False,False,False,,,,,False,False,False,False,False,False,False,False,False,False,,UNKNOWN,UNKNOWN_ENTRY_LEVEL,,UNKNOWN_ENTRY_LEVEL|EXPLICIT_SWEPT_LIQUIDITY_LEVEL_METADATA|ENTRY_DIRECTION_CONFLICT,ENTRY_DIRECTION_CONFLICT,examples/sample_004.html
CANDIDATE,sample_005,XAUUSD,2026-05-19T08:15:00+00:00,CANDIDATE_WINDOW_MODE,LONDON,SHORT,HIGH,M5,UPWARD_SWEEP,4545.36,4546.61,2026-05-19T08:10:00+00:00,RECENT_LOCAL_HIGH_TAKEN_AND_REJECTED_OR_STALLED,UNKNOWN_ENTRY_LEVEL,,UNKNOWN,UNKNOWN,EXPLICIT_SWEPT_LIQUIDITY_LEVEL_METADATA|ENTRY_DIRECTION_CONFLICT,True,True,True,0.1,,,False,False,,,,,,,,,,,,,False,False,False,,,,,False,False,False,False,False,False,False,False,False,False,,UNKNOWN,UNKNOWN_ENTRY_LEVEL,,UNKNOWN_ENTRY_LEVEL|EXPLICIT_SWEPT_LIQUIDITY_LEVEL_METADATA|ENTRY_DIRECTION_CONFLICT,ENTRY_DIRECTION_CONFLICT,examples/sample_005.html
CANDIDATE,sample_006,XAUUSD,2026-05-19T13:45:00+00:00,CANDIDATE_WINDOW_MODE,NEW_YORK_OPEN,LONG,HIGH,M5,DOWNWARD_SWEEP,4538.39,4534.17,2026-05-19T13:35:00+00:00,RECENT_LOCAL_LOW_TAKEN_AND_REJECTED_OR_STALLED,ROUND_LEVEL_TOUCH_ENTRY,4534.17,SWEEP_EXTREME,MEDIUM,DIRECTION_INFERRED_SWEEP_EXTREME_HEURISTIC|M5_DOWNWARD_SWEEP,True,True,False,0.1,4532.17,4530.17,True,True,0.0,0.0,-2.2,107.2,27.1,71.9,-422.7,12.0,14.0,,,,True,False,True,138.3,694.9,18.0,166.0,True,True,False,False,False,True,True,True,False,False,1,GOOD,FAST_SL_20,RETURNED_TO_ENTRY_AFTER_100_PIPS,DIRECTION_INFERRED_SWEEP_EXTREME_HEURISTIC|M5_DOWNWARD_SWEEP|SL20_BEFORE_50P|FAST_100P_REACTION,,examples/sample_006.html
CANDIDATE,sample_007,XAUUSD,2026-05-18T07:15:00+00:00,CANDIDATE_WINDOW_MODE,LONDON_OPEN,SHORT,HIGH,M5,UPWARD_SWEEP,4548.46,4549.83,2026-05-18T07:05:00+00:00,RECENT_LOCAL_HIGH_TAKEN_AND_REJECTED_OR_STALLED,ROUND_LEVEL_TOUCH_ENTRY,4549.83,SWEEP_EXTREME,MEDIUM,DIRECTION_INFERRED_SWEEP_EXTREME_HEURISTIC|M5_UPWARD_SWEEP,True,True,False,0.1,4551.83,4553.83,True,True,75.0,195.0,64.4,105.9,98.5,147.4,48.5,0.0,8.0,,,,True,False,True,201.5,100.9,105.0,195.0,True,True,False,False,False,True,True,True,False,False,0,GOOD,GOOD_FAST_REACTION,RETURNED_TO_ENTRY_AFTER_100_PIPS,DIRECTION_INFERRED_SWEEP_EXTREME_HEURISTIC|M5_UPWARD_SWEEP|FAST_100P_REACTION,,examples/sample_007.html
CANDIDATE,sample_008,XAUUSD,2026-03-27T01:15:00+00:00,CANDIDATE_WINDOW_MODE,ASIA_OPEN,LONG,HIGH,M5,DOWNWARD_SWEEP,4391.29,4390.17,2026-03-27T01:10:00+00:00,RECENT_LOCAL_LOW_TAKEN_AND_REJECTED_OR_STALLED,ROUND_LEVEL_TOUCH_ENTRY,4390.17,SWEEP_EXTREME,MEDIUM,DIRECTION_INFERRED_SWEEP_EXTREME_HEURISTIC|M5_DOWNWARD_SWEEP,True,True,False,0.1,4388.17,4386.17,True,True,67.0,67.0,86.1,116.8,109.9,130.7,404.9,1.0,4.0,136.0,212.0,,True,False,True,503.1,147.9,212.0,104.0,True,True,True,True,False,True,True,True,False,False,0,GOOD,GOOD_FAST_REACTION,RETURNED_TO_ENTRY_AFTER_100_PIPS,DIRECTION_INFERRED_SWEEP_EXTREME_HEURISTIC|M5_DOWNWARD_SWEEP|FAST_100P_REACTION,,examples/sample_008.html
CANDIDATE,sample_009,XAUUSD,2026-05-19T12:00:00+00:00,CANDIDATE_WINDOW_MODE,NEW_YORK,SHORT,MEDIUM,M5,UPWARD_SWEEP,4544.26,4544.97,2026-05-19T11:35:00+00:00,RECENT_LOCAL_HIGH_TAKEN_AND_REJECTED_OR_STALLED,ROUND_LEVEL_TOUCH_ENTRY,4540.0,ROUND_LEVEL,HIGH,EXPLICIT_ROUND_LEVEL_METADATA,True,True,False,0.1,4542.0,4544.0,True,True,0.0,23.0,6.9,15.8,-19.3,-12.9,71.4,98.0,103.0,,,,False,True,False,145.3,80.0,104.0,123.0,True,True,False,False,False,True,True,True,False,True,12,CHOP,FAST_SL_20,DIRTY_CHOP_AFTER_ENTRY|RETURNED_TO_ENTRY_AFTER_100_PIPS,EXPLICIT_ROUND_LEVEL_METADATA|SL20_BEFORE_50P|SLOW_100P_REACTION,,examples/sample_009.html
CANDIDATE,sample_010,XAUUSD,2026-05-19T05:30:00+00:00,CANDIDATE_WINDOW_MODE,LONDON,LONG,HIGH,M5,DOWNWARD_SWEEP,4552.93,4551.51,2026-05-19T05:15:00+00:00,RECENT_LOCAL_LOW_TAKEN_AND_REJECTED_OR_STALLED,ROUND_LEVEL_TOUCH_ENTRY,4551.51,SWEEP_EXTREME,MEDIUM,DIRECTION_INFERRED_SWEEP_EXTREME_HEURISTIC|M5_DOWNWARD_SWEEP,True,True,False,0.1,4549.51,4547.51,True,True,22.0,28.0,24.5,58.6,-51.7,-15.6,-43.3,0.0,,,,,False,False,True,83.0,206.2,0.0,174.0,True,False,False,False,False,False,False,False,False,True,9,CHOP,GOOD_REACTION_BUT_DIRTY_ACCUMULATION,DIRTY_CHOP_AFTER_ENTRY,DIRECTION_INFERRED_SWEEP_EXTREME_HEURISTIC|M5_DOWNWARD_SWEEP,,examples/sample_010.html
CANDIDATE,sample_011,XAUUSD,2026-05-19T18:30:00+00:00,CANDIDATE_WINDOW_MODE,OTHER,SHORT,HIGH,M5,UPWARD_SWEEP,4505.06,4507.69,2026-05-19T18:30:00+00:00,RECENT_LOCAL_HIGH_TAKEN_AND_REJECTED_OR_STALLED,ROUND_LEVEL_TOUCH_ENTRY,4507.69,SWEEP_EXTREME,MEDIUM,DIRECTION_INFERRED_SWEEP_EXTREME_HEURISTIC|M5_UPWARD_SWEEP,True,True,False,0.1,4509.69,4511.69,True,True,30.0,56.0,82.6,67.7,-19.3,-4.9,24.2,0.0,39.0,,,,False,True,True,116.0,47.6,40.0,62.0,True,True,False,False,False,True,True,True,False,True,3,GOOD,GOOD_SLOW_REACTION,DIRTY_CHOP_AFTER_ENTRY|RETURNED_TO_ENTRY_AFTER_100_PIPS,DIRECTION_INFERRED_SWEEP_EXTREME_HEURISTIC|M5_UPWARD_SWEEP|SLOW_100P_REACTION,,examples/sample_011.html
CANDIDATE,sample_012,XAUUSD,2026-05-19T03:00:00+00:00,CANDIDATE_WINDOW_MODE,ASIA,SHORT,HIGH,M5,UPWARD_SWEEP,4588.03,4589.24,2026-05-19T03:00:00+00:00,RECENT_LOCAL_HIGH_TAKEN_AND_REJECTED_OR_STALLED,ROUND_LEVEL_TOUCH_ENTRY,4589.0,SWEPT_LIQUIDITY_LEVEL,MEDIUM,EXPLICIT_SWEPT_LIQUIDITY_LEVEL_METADATA,True,True,False,0.1,4591.0,4593.0,False,False,,,95.3,118.6,138.1,263.6,457.7,0.0,4.0,57.0,,,True,False,True,469.5,2.4,240.0,2.0,True,True,True,False,False,True,False,False,False,False,0,GOOD,GOOD_FAST_REACTION,,EXPLICIT_SWEPT_LIQUIDITY_LEVEL_METADATA|FAST_100P_REACTION,,examples/sample_012.html
CANDIDATE,sample_013,XAUUSD,2026-05-19T07:15:00+00:00,CANDIDATE_WINDOW_MODE,LONDON_OPEN,LONG,MEDIUM,M5,DOWNWARD_SWEEP,4538.72,4538.4,2026-05-19T07:15:00+00:00,RECENT_LOCAL_LOW_TAKEN_AND_REJECTED_OR_STALLED,ROUND_LEVEL_TOUCH_ENTRY,4540.0,ROUND_LEVEL,HIGH,EXPLICIT_ROUND_LEVEL_METADATA,True,True,False,0.1,4538.0,4536.0,True,True,67.0,68.0,27.6,-11.6,9.9,51.1,62.1,46.0,124.0,,,,False,True,False,192.8,91.1,221.0,69.0,True,True,False,False,False,True,False,False,False,True,10,CHOP,GOOD_SLOW_REACTION,DIRTY_CHOP_AFTER_ENTRY,EXPLICIT_ROUND_LEVEL_METADATA|SLOW_100P_REACTION,,examples/sample_013.html
CANDIDATE,sample_014,XAUUSD,2026-05-15T13:45:00+00:00,CANDIDATE_WINDOW_MODE,NEW_YORK_OPEN,SHORT,MEDIUM,M5,UPWARD_SWEEP,4563.3,4563.57,2026-05-15T13:45:00+00:00,RECENT_LOCAL_HIGH_TAKEN_AND_REJECTED_OR_STALLED,ROUND_LEVEL_TOUCH_ENTRY,4563.57,SWEEP_EXTREME,MEDIUM,DIRECTION_INFERRED_SWEEP_EXTREME_HEURISTIC|M5_UPWARD_SWEEP,True,True,False,0.1,4565.57,4567.57,True,True,6.0,6.0,44.6,-40.0,-47.9,104.2,105.6,0.0,55.0,136.0,180.0,,False,True,True,518.1,90.1,180.0,9.0,True,True,True,True,False,True,False,False,False,True,8,GOOD,GOOD_SLOW_REACTION,DIRTY_CHOP_AFTER_ENTRY,DIRECTION_INFERRED_SWEEP_EXTREME_HEURISTIC|M5_UPWARD_SWEEP|SLOW_100P_REACTION,,examples/sample_014.html
CANDIDATE,sample_015,XAUUSD,2026-05-15T07:15:00+00:00,CANDIDATE_WINDOW_MODE,LONDON_OPEN,LONG,HIGH,M5,DOWNWARD_SWEEP,4612.66,4610.51,2026-05-15T06:55:00+00:00,RECENT_LOCAL_LOW_TAKEN_AND_REJECTED_OR_STALLED,ROUND_LEVEL_TOUCH_ENTRY,4610.51,SWEEP_EXTREME,MEDIUM,DIRECTION_INFERRED_SWEEP_EXTREME_HEURISTIC|M5_DOWNWARD_SWEEP,True,True,False,0.1,4608.51,4606.51,True,True,7.0,28.0,10.4,10.8,-42.4,-159.2,-480.9,0.0,0.0,,,,True,False,True,101.3,541.7,0.0,106.0,True,True,False,False,False,True,True,True,False,True,5,GOOD,GOOD_FAST_REACTION,DIRTY_CHOP_AFTER_ENTRY|RETURNED_TO_ENTRY_AFTER_100_PIPS,DIRECTION_INFERRED_SWEEP_EXTREME_HEURISTIC|M5_DOWNWARD_SWEEP|FAST_100P_REACTION,,examples/sample_015.html
CANDIDATE,sample_016,XAUUSD,2026-03-26T01:15:00+00:00,CANDIDATE_WINDOW_MODE,ASIA_OPEN,LONG,HIGH,M5,DOWNWARD_SWEEP,4503.92,4497.96,2026-03-26T01:05:00+00:00,RECENT_LOCAL_LOW_TAKEN_AND_REJECTED_OR_STALLED,ROUND_LEVEL_TOUCH_ENTRY,4497.96,SWEEP_EXTREME,MEDIUM,DIRECTION_INFERRED_SWEEP_EXTREME_HEURISTIC|M5_DOWNWARD_SWEEP,True,True,False,0.1,4495.96,4493.96,True,True,22.0,22.0,71.3,63.1,-11.7,304.2,135.3,0.0,0.0,58.0,,,True,False,True,464.6,89.3,108.0,25.0,True,True,True,False,False,True,True,True,False,False,2,GOOD,GOOD_FAST_REACTION,RETURNED_TO_ENTRY_AFTER_100_PIPS,DIRECTION_INFERRED_SWEEP_EXTREME_HEURISTIC|M5_DOWNWARD_SWEEP|FAST_100P_REACTION,,examples/sample_016.html
CANDIDATE,sample_017,XAUUSD,2026-05-18T19:45:00+00:00,CANDIDATE_WINDOW_MODE,OTHER,SHORT,MEDIUM,M5,UPWARD_SWEEP,4550.33,4550.72,2026-05-18T19:20:00+00:00,RECENT_LOCAL_HIGH_TAKEN_AND_REJECTED_OR_STALLED,ROUND_LEVEL_TOUCH_ENTRY,4550.0,ROUND_LEVEL,HIGH,EXPLICIT_ROUND_LEVEL_METADATA,True,True,False,0.1,4552.0,4554.0,True,True,5.0,9.0,-23.4,15.8,-36.8,13.3,-84.3,0.0,100.0,,,,False,True,True,159.2,150.4,134.0,138.0,True,True,False,False,False,True,True,True,False,True,6,MODERATE,GOOD_SLOW_REACTION,DIRTY_CHOP_AFTER_ENTRY|RETURNED_TO_ENTRY_AFTER_100_PIPS,EXPLICIT_ROUND_LEVEL_METADATA|SLOW_100P_REACTION,,examples/sample_017.html
CANDIDATE,sample_018,XAUUSD,2026-05-18T22:15:00+00:00,CANDIDATE_WINDOW_MODE,ASIA,LONG,HIGH,M1,DOWNWARD_SWEEP,4535.18,4534.08,2026-05-18T21:59:00+00:00,RECENT_LOCAL_LOW_TAKEN_AND_REJECTED_OR_STALLED,ROUND_LEVEL_TOUCH_ENTRY,4534.08,SWEEP_EXTREME,LOW,DIRECTION_INFERRED_SWEEP_EXTREME_HEURISTIC|M1_DOWNWARD_SWEEP,True,True,False,0.1,4532.08,4530.08,False,False,,,196.5,173.7,245.6,243.5,518.2,0.0,0.0,21.0,238.0,,True,False,True,526.7,0.0,240.0,,True,True,True,True,False,True,False,False,False,False,0,GOOD,GOOD_FAST_REACTION,,DIRECTION_INFERRED_SWEEP_EXTREME_HEURISTIC|M1_DOWNWARD_SWEEP|FAST_100P_REACTION,,examples/sample_018.html
CANDIDATE,sample_019,XAUUSD,2026-05-18T18:30:00+00:00,CANDIDATE_WINDOW_MODE,OTHER,LONG,MEDIUM,M1,DOWNWARD_SWEEP,4532.71,4531.88,2026-05-18T18:04:00+00:00,RECENT_LOCAL_LOW_TAKEN_AND_REJECTED_OR_STALLED,ROUND_LEVEL_TOUCH_ENTRY,4531.88,SWEEP_EXTREME,LOW,DIRECTION_INFERRED_SWEEP_EXTREME_HEURISTIC|M1_DOWNWARD_SWEEP,True,True,False,0.1,4529.88,4527.88,False,False,,,69.9,71.9,101.2,46.9,195.7,1.0,5.0,94.0,,,True,False,True,331.6,0.0,213.0,,True,True,True,False,False,True,False,False,False,False,0,GOOD,GOOD_FAST_REACTION,,DIRECTION_INFERRED_SWEEP_EXTREME_HEURISTIC|M1_DOWNWARD_SWEEP|FAST_100P_REACTION,,examples/sample_019.html
CANDIDATE,sample_020,XAUUSD,2026-05-19T01:15:00+00:00,CANDIDATE_WINDOW_MODE,ASIA,SHORT,MEDIUM,M5,UPWARD_SWEEP,4573.28,4574.5,2026-05-19T01:15:00+00:00,RECENT_LOCAL_HIGH_TAKEN_AND_REJECTED_OR_STALLED,ROUND_LEVEL_TOUCH_ENTRY,4573.28,SWEPT_LIQUIDITY_LEVEL,MEDIUM,EXPLICIT_SWEPT_LIQUIDITY_LEVEL_METADATA,True,True,False,0.1,4575.28,4577.28,True,True,24.0,25.0,12.3,5.4,-34.7,-126.2,210.5,145.0,164.0,,,,False,True,False,217.7,159.6,240.0,107.0,True,True,False,False,False,True,False,False,False,True,11,POOR,FAST_SL_20,DIRTY_CHOP_AFTER_ENTRY,EXPLICIT_SWEPT_LIQUIDITY_LEVEL_METADATA|SL20_BEFORE_50P|SLOW_100P_REACTION,,examples/sample_020.html
CANDIDATE,sample_021,XAUUSD,2026-05-18T03:45:00+00:00,CANDIDATE_WINDOW_MODE,ASIA,LONG,MEDIUM,M5,DOWNWARD_SWEEP,4480.42,4480.3,2026-05-18T03:45:00+00:00,RECENT_LOCAL_LOW_TAKEN_AND_REJECTED_OR_STALLED,ROUND_LEVEL_TOUCH_ENTRY,4480.42,SWEPT_LIQUIDITY_LEVEL,MEDIUM,EXPLICIT_SWEPT_LIQUIDITY_LEVEL_METADATA,True,True,False,0.1,4478.42,4476.42,False,False,,,143.1,251.3,160.2,307.1,595.6,1.0,3.0,11.0,66.0,,True,False,True,694.1,1.2,200.0,0.0,True,True,True,True,False,True,False,False,False,False,0,GOOD,GOOD_FAST_REACTION,,EXPLICIT_SWEPT_LIQUIDITY_LEVEL_METADATA|FAST_100P_REACTION,,examples/sample_021.html
CANDIDATE,sample_022,XAUUSD,2026-05-14T13:45:00+00:00,CANDIDATE_WINDOW_MODE,NEW_YORK_OPEN,LONG,MEDIUM,M5,DOWNWARD_SWEEP,4692.21,4692.01,2026-05-14T13:45:00+00:00,RECENT_LOCAL_LOW_TAKEN_AND_REJECTED_OR_STALLED,ROUND_LEVEL_TOUCH_ENTRY,4692.01,SWEEP_EXTREME,MEDIUM,DIRECTION_INFERRED_SWEEP_EXTREME_HEURISTIC|M5_DOWNWARD_SWEEP,True,True,False,0.1,4690.01,4688.01,True,True,40.0,165.0,13.0,30.0,40.5,41.1,-44.2,9.0,67.0,,,,False,True,True,180.5,253.6,110.0,177.0,True,True,False,False,False,True,True,True,False,True,8,MODERATE,GOOD_SLOW_REACTION,DIRTY_CHOP_AFTER_ENTRY|RETURNED_TO_ENTRY_AFTER_100_PIPS,DIRECTION_INFERRED_SWEEP_EXTREME_HEURISTIC|M5_DOWNWARD_SWEEP|SLOW_100P_REACTION,,examples/sample_022.html
CANDIDATE,sample_023,XAUUSD,2026-05-13T07:15:00+00:00,CANDIDATE_WINDOW_MODE,LONDON_OPEN,LONG,MEDIUM,M1,DOWNWARD_SWEEP,4694.65,4694.3,2026-05-13T06:59:00+00:00,RECENT_LOCAL_LOW_TAKEN_AND_REJECTED_OR_STALLED,ROUND_LEVEL_TOUCH_ENTRY,4694.3,SWEEP_EXTREME,LOW,DIRECTION_INFERRED_SWEEP_EXTREME_HEURISTIC|M1_DOWNWARD_SWEEP,True,True,False,0.1,4692.3,4690.3,False,False,,,77.6,72.6,44.4,95.8,57.4,1.0,49.0,,,,False,True,True,211.1,6.0,123.0,75.0,True,True,False,False,False,True,True,True,False,False,0,GOOD,GOOD_SLOW_REACTION,RETURNED_TO_ENTRY_AFTER_100_PIPS,DIRECTION_INFERRED_SWEEP_EXTREME_HEURISTIC|M1_DOWNWARD_SWEEP|SLOW_100P_REACTION,,examples/sample_023.html
CANDIDATE,sample_024,XAUUSD,2026-03-25T00:45:00+00:00,CANDIDATE_WINDOW_MODE,ASIA_OPEN,SHORT,MEDIUM,M5,UPWARD_SWEEP,4484.53,4485.08,2026-03-25T00:20:00+00:00,RECENT_LOCAL_HIGH_TAKEN_AND_REJECTED_OR_STALLED,ROUND_LEVEL_TOUCH_ENTRY,4470.0,ROUND_LEVEL,MEDIUM,ANCHOR_PRICE_NEAR_ROUND_LEVEL,True,True,False,0.1,4472.0,4474.0,True,True,1.0,1.0,-40.7,-99.1,-150.1,-649.4,-1298.6,,,,,,False,False,False,29.7,1310.4,0.0,189.0,False,False,False,False,False,False,False,False,False,False,0,POOR,FAST_SL_20,,ANCHOR_PRICE_NEAR_ROUND_LEVEL|SL20_BEFORE_50P,,examples/sample_024.html
CANDIDATE,sample_025,XAUUSD,2026-05-18T15:30:00+00:00,CANDIDATE_WINDOW_MODE,NEW_YORK,LONG,HIGH,M5,DOWNWARD_SWEEP,4547.18,4545.3,2026-05-18T15:20:00+00:00,RECENT_LOCAL_LOW_TAKEN_AND_REJECTED_OR_STALLED,ROUND_LEVEL_TOUCH_ENTRY,4570.0,ROUND_LEVEL,HIGH,EXPLICIT_ROUND_LEVEL_METADATA,True,True,False,0.1,4568.0,4566.0,True,True,0.0,0.0,-96.9,22.4,56.7,16.4,-334.3,30.0,82.0,,,,False,True,False,142.7,381.2,85.0,154.0,True,True,False,False,False,True,True,True,False,True,7,CHOP,FAST_SL_20,DIRTY_CHOP_AFTER_ENTRY|RETURNED_TO_ENTRY_AFTER_100_PIPS,EXPLICIT_ROUND_LEVEL_METADATA|SL20_BEFORE_50P|SLOW_100P_REACTION,,examples/sample_025.html
CANDIDATE,sample_026,XAUUSD,2026-05-18T21:15:00+00:00,CANDIDATE_WINDOW_MODE,OTHER,LONG,HIGH,M5,DOWNWARD_SWEEP,4545.57,4543.74,2026-05-18T21:00:00+00:00,RECENT_LOCAL_LOW_TAKEN_AND_REJECTED_OR_STALLED,ROUND_LEVEL_TOUCH_ENTRY,4543.74,SWEEP_EXTREME,MEDIUM,DIRECTION_INFERRED_SWEEP_EXTREME_HEURISTIC|M5_DOWNWARD_SWEEP,True,True,False,0.1,4541.74,4539.74,True,True,2.0,10.0,-28.6,-14.7,-27.7,94.0,291.1,46.0,46.0,225.0,,,False,True,False,307.6,96.6,240.0,44.0,True,True,True,False,False,True,True,True,False,False,2,GOOD,FAST_SL_20,RETURNED_TO_ENTRY_AFTER_100_PIPS,DIRECTION_INFERRED_SWEEP_EXTREME_HEURISTIC|M5_DOWNWARD_SWEEP|SL20_BEFORE_50P|SLOW_100P_REACTION,,examples/sample_026.html
CANDIDATE,sample_027,XAUUSD,2026-05-18T11:30:00+00:00,CANDIDATE_WINDOW_MODE,NEW_YORK,SHORT,MEDIUM,M5,UPWARD_SWEEP,4551.5,4553.12,2026-05-18T11:30:00+00:00,RECENT_LOCAL_HIGH_TAKEN_AND_REJECTED_OR_STALLED,ROUND_LEVEL_TOUCH_ENTRY,4553.12,SWEEP_EXTREME,MEDIUM,DIRECTION_INFERRED_SWEEP_EXTREME_HEURISTIC|M5_UPWARD_SWEEP,True,True,False,0.1,4555.12,4557.12,True,True,20.0,190.0,27.9,27.1,17.8,115.9,3.2,0.0,33.0,,,,False,True,True,232.7,140.8,160.0,191.0,True,True,False,False,False,True,True,True,False,False,2,GOOD,GOOD_SLOW_REACTION,RETURNED_TO_ENTRY_AFTER_100_PIPS,DIRECTION_INFERRED_SWEEP_EXTREME_HEURISTIC|M5_UPWARD_SWEEP|SLOW_100P_REACTION,,examples/sample_027.html
CANDIDATE,sample_028,XAUUSD,2026-05-18T16:45:00+00:00,CANDIDATE_WINDOW_MODE,OTHER,LONG,MEDIUM,M5,DOWNWARD_SWEEP,4563.95,4563.73,2026-05-18T16:45:00+00:00,RECENT_LOCAL_LOW_TAKEN_AND_REJECTED_OR_STALLED,UNKNOWN_ENTRY_LEVEL,,UNKNOWN,UNKNOWN,EXPLICIT_SWEPT_LIQUIDITY_LEVEL_METADATA|ENTRY_DIRECTION_CONFLICT,True,True,True,0.1,,,False,False,,,,,,,,,,,,,False,False,False,,,,,False,False,False,False,False,False,False,False,False,False,,UNKNOWN,UNKNOWN_ENTRY_LEVEL,,UNKNOWN_ENTRY_LEVEL|EXPLICIT_SWEPT_LIQUIDITY_LEVEL_METADATA|ENTRY_DIRECTION_CONFLICT,ENTRY_DIRECTION_CONFLICT,examples/sample_028.html
CANDIDATE,sample_029,XAUUSD,2026-05-18T01:00:00+00:00,CANDIDATE_WINDOW_MODE,ASIA,UNKNOWN_DIRECTION,UNKNOWN,,,,,,NO_CLEAR_M5_OR_M1_SWEEP,UNKNOWN_ENTRY_LEVEL,,UNKNOWN,UNKNOWN,DIRECTION_REQUIRED_FOR_SWEEP_ENTRY,True,True,False,0.1,,,False,False,,,,,,,,,,,,,False,False,False,,,,,False,False,False,False,False,False,False,False,False,False,,UNKNOWN,UNKNOWN_ENTRY_LEVEL,,UNKNOWN_ENTRY_LEVEL|DIRECTION_REQUIRED_FOR_SWEEP_ENTRY,DIRECTION_REQUIRED_FOR_SWEEP_ENTRY,examples/sample_029.html
CANDIDATE,sample_030,XAUUSD,2026-05-13T13:30:00+00:00,CANDIDATE_WINDOW_MODE,NEW_YORK_OPEN,SHORT,MEDIUM,M1,UPWARD_SWEEP,4701.51,4701.7,2026-05-13T13:07:00+00:00,RECENT_LOCAL_HIGH_TAKEN_AND_REJECTED_OR_STALLED,ROUND_LEVEL_TOUCH_ENTRY,4701.7,SWEEP_EXTREME,LOW,DIRECTION_INFERRED_SWEEP_EXTREME_HEURISTIC|M1_UPWARD_SWEEP,True,True,False,0.1,4703.7,4705.7,True,False,65.0,,51.8,69.8,74.5,15.1,178.6,3.0,33.0,120.0,,,False,True,True,322.5,37.3,199.0,75.0,True,True,True,False,False,True,True,True,False,False,0,GOOD,GOOD_SLOW_REACTION,RETURNED_TO_ENTRY_AFTER_100_PIPS,DIRECTION_INFERRED_SWEEP_EXTREME_HEURISTIC|M1_UPWARD_SWEEP|SLOW_100P_REACTION,,examples/sample_030.html
CANDIDATE,sample_031,XAUUSD,2026-05-11T07:15:00+00:00,CANDIDATE_WINDOW_MODE,LONDON_OPEN,LONG,HIGH,M5,DOWNWARD_SWEEP,4677.02,4673.47,2026-05-11T07:00:00+00:00,RECENT_LOCAL_LOW_TAKEN_AND_REJECTED_OR_STALLED,ROUND_LEVEL_TOUCH_ENTRY,4673.47,SWEEP_EXTREME,MEDIUM,DIRECTION_INFERRED_SWEEP_EXTREME_HEURISTIC|M5_DOWNWARD_SWEEP,True,True,False,0.1,4671.47,4669.47,True,True,5.0,15.0,4.8,-39.3,-1.9,-2.6,-3.2,0.0,,,,,False,False,True,72.8,253.3,80.0,101.0,True,False,False,False,False,False,False,False,False,True,13,CHOP,GOOD_REACTION_BUT_DIRTY_ACCUMULATION,DIRTY_CHOP_AFTER_ENTRY,DIRECTION_INFERRED_SWEEP_EXTREME_HEURISTIC|M5_DOWNWARD_SWEEP,,examples/sample_031.html
CANDIDATE,sample_032,XAUUSD,2026-03-24T01:15:00+00:00,CANDIDATE_WINDOW_MODE,ASIA_OPEN,SHORT,HIGH,M5,UPWARD_SWEEP,4437.6,4444.65,2026-03-24T01:15:00+00:00,RECENT_LOCAL_HIGH_TAKEN_AND_REJECTED_OR_STALLED,ROUND_LEVEL_TOUCH_ENTRY,4444.65,SWEEP_EXTREME,MEDIUM,DIRECTION_INFERRED_SWEEP_EXTREME_HEURISTIC|M5_UPWARD_SWEEP,True,True,False,0.1,4446.65,4448.65,True,False,12.0,,75.0,40.6,204.8,260.4,849.1,0.0,5.0,60.0,72.0,84.0,True,False,True,1387.6,37.1,177.0,12.0,True,True,True,True,True,True,True,True,False,False,2,GOOD,GOOD_FAST_REACTION,RETURNED_TO_ENTRY_AFTER_100_PIPS,DIRECTION_INFERRED_SWEEP_EXTREME_HEURISTIC|M5_UPWARD_SWEEP|FAST_100P_REACTION,,examples/sample_032.html
CANDIDATE,sample_033,XAUUSD,2026-05-18T14:00:00+00:00,CANDIDATE_WINDOW_MODE,NEW_YORK,SHORT,HIGH,M5,UPWARD_SWEEP,4544.1,4547.8,2026-05-18T13:45:00+00:00,RECENT_LOCAL_HIGH_TAKEN_AND_REJECTED_OR_STALLED,ROUND_LEVEL_TOUCH_ENTRY,4540.0,ROUND_LEVEL,HIGH,EXPLICIT_ROUND_LEVEL_METADATA,True,True,False,0.1,4542.0,4544.0,True,True,33.0,33.0,10.3,10.7,19.6,-116.0,-77.9,9.0,10.0,,,,True,False,True,101.5,442.7,10.0,175.0,True,True,False,False,False,True,True,True,False,True,3,GOOD,GOOD_FAST_REACTION,DIRTY_CHOP_AFTER_ENTRY|RETURNED_TO_ENTRY_AFTER_100_PIPS,EXPLICIT_ROUND_LEVEL_METADATA|FAST_100P_REACTION,,examples/sample_033.html
CANDIDATE,sample_034,XAUUSD,2026-05-18T02:30:00+00:00,CANDIDATE_WINDOW_MODE,ASIA,LONG,HIGH,M5,DOWNWARD_SWEEP,4537.85,4534.73,2026-05-18T02:30:00+00:00,RECENT_LOCAL_LOW_TAKEN_AND_REJECTED_OR_STALLED,ROUND_LEVEL_TOUCH_ENTRY,4534.73,SWEEP_EXTREME,MEDIUM,DIRECTION_INFERRED_SWEEP_EXTREME_HEURISTIC|M5_DOWNWARD_SWEEP,True,True,False,0.1,4532.73,4530.73,True,True,10.0,32.0,28.3,-7.8,-8.3,-193.4,-34.7,5.0,,,,,False,False,True,94.0,544.3,23.0,75.0,True,False,False,False,False,False,False,False,False,True,7,MODERATE,GOOD_REACTION_BUT_DIRTY_ACCUMULATION,DIRTY_CHOP_AFTER_ENTRY,DIRECTION_INFERRED_SWEEP_EXTREME_HEURISTIC|M5_DOWNWARD_SWEEP,,examples/sample_034.html
CANDIDATE,sample_035,XAUUSD,2026-05-18T09:15:00+00:00,CANDIDATE_WINDOW_MODE,LONDON,LONG,MEDIUM,M5,DOWNWARD_SWEEP,4529.91,4529.68,2026-05-18T09:00:00+00:00,RECENT_LOCAL_LOW_TAKEN_AND_REJECTED_OR_STALLED,ROUND_LEVEL_TOUCH_ENTRY,4529.68,SWEEP_EXTREME,MEDIUM,DIRECTION_INFERRED_SWEEP_EXTREME_HEURISTIC|M5_DOWNWARD_SWEEP,True,True,False,0.1,4527.68,4525.68,False,False,,,72.3,56.2,99.7,132.3,115.1,0.0,1.0,75.0,,,True,False,True,302.4,0.0,75.0,,True,True,True,False,False,True,False,False,False,False,0,GOOD,GOOD_FAST_REACTION,,DIRECTION_INFERRED_SWEEP_EXTREME_HEURISTIC|M5_DOWNWARD_SWEEP|FAST_100P_REACTION,,examples/sample_035.html
CANDIDATE,sample_036,XAUUSD,2026-05-18T10:30:00+00:00,CANDIDATE_WINDOW_MODE,LONDON,LONG,LOW,M5,DOWNWARD_SWEEP,4542.03,4541.74,2026-05-18T10:15:00+00:00,RECENT_LOCAL_LOW_TAKEN_AND_REJECTED_OR_STALLED,ROUND_LEVEL_TOUCH_ENTRY,4552.07,SWEPT_LIQUIDITY_LEVEL,MEDIUM,EXPLICIT_SWEPT_LIQUIDITY_LEVEL_METADATA,True,True,False,0.1,4550.07,4548.07,True,True,12.0,13.0,18.2,-8.4,-38.3,-52.7,-140.3,0.0,,,,,False,False,True,78.5,222.2,0.0,220.0,True,False,False,False,False,False,False,False,False,True,3,MODERATE,GOOD_REACTION_BUT_DIRTY_ACCUMULATION,DIRTY_CHOP_AFTER_ENTRY,EXPLICIT_SWEPT_LIQUIDITY_LEVEL_METADATA,,examples/sample_036.html
CANDIDATE,sample_037,XAUUSD,2026-05-15T16:45:00+00:00,CANDIDATE_WINDOW_MODE,OTHER,LONG,HIGH,M5,DOWNWARD_SWEEP,4519.91,4511.76,2026-05-15T16:45:00+00:00,RECENT_LOCAL_LOW_TAKEN_AND_REJECTED_OR_STALLED,UNKNOWN_ENTRY_LEVEL,,UNKNOWN,UNKNOWN,EXPLICIT_SWEPT_LIQUIDITY_LEVEL_METADATA|ENTRY_DIRECTION_CONFLICT,True,True,True,0.1,,,False,False,,,,,,,,,,,,,False,False,False,,,,,False,False,False,False,False,False,False,False,False,False,,UNKNOWN,UNKNOWN_ENTRY_LEVEL,,UNKNOWN_ENTRY_LEVEL|EXPLICIT_SWEPT_LIQUIDITY_LEVEL_METADATA|ENTRY_DIRECTION_CONFLICT,ENTRY_DIRECTION_CONFLICT,examples/sample_037.html
CANDIDATE,sample_038,XAUUSD,2026-05-11T13:45:00+00:00,CANDIDATE_WINDOW_MODE,NEW_YORK_OPEN,LONG,MEDIUM,M5,DOWNWARD_SWEEP,4660.42,4660.26,2026-05-11T13:35:00+00:00,RECENT_LOCAL_LOW_TAKEN_AND_REJECTED_OR_STALLED,ROUND_LEVEL_TOUCH_ENTRY,4660.26,SWEEP_EXTREME,MEDIUM,DIRECTION_INFERRED_SWEEP_EXTREME_HEURISTIC|M5_DOWNWARD_SWEEP,True,True,False,0.1,4658.26,4656.26,False,False,,,50.6,51.2,82.7,144.7,729.1,5.0,18.0,97.0,140.0,,False,False,True,883.6,0.0,181.0,,True,True,True,True,False,True,False,False,False,False,0,GOOD,RUNNER_CANDIDATE,,DIRECTION_INFERRED_SWEEP_EXTREME_HEURISTIC|M5_DOWNWARD_SWEEP,,examples/sample_038.html
CANDIDATE,sample_039,XAUUSD,2026-05-08T07:00:00+00:00,CANDIDATE_WINDOW_MODE,LONDON_OPEN,SHORT,MEDIUM,M5,UPWARD_SWEEP,4730.66,4731.1,2026-05-08T06:35:00+00:00,RECENT_LOCAL_HIGH_TAKEN_AND_REJECTED_OR_STALLED,ROUND_LEVEL_TOUCH_ENTRY,4731.1,SWEEP_EXTREME,MEDIUM,DIRECTION_INFERRED_SWEEP_EXTREME_HEURISTIC|M5_UPWARD_SWEEP,True,True,False,0.1,4733.1,4735.1,True,False,148.0,,133.3,172.8,140.4,186.5,225.5,0.0,0.0,203.0,,,True,False,True,336.8,36.1,205.0,149.0,True,True,True,False,False,True,True,True,False,False,0,GOOD,GOOD_FAST_REACTION,RETURNED_TO_ENTRY_AFTER_100_PIPS,DIRECTION_INFERRED_SWEEP_EXTREME_HEURISTIC|M5_UPWARD_SWEEP|FAST_100P_REACTION,,examples/sample_039.html
CANDIDATE,sample_040,XAUUSD,2026-03-23T00:45:00+00:00,CANDIDATE_WINDOW_MODE,ASIA_OPEN,SHORT,HIGH,M5,UPWARD_SWEEP,4531.79,4536.29,2026-03-23T00:25:00+00:00,RECENT_LOCAL_HIGH_TAKEN_AND_REJECTED_OR_STALLED,ROUND_LEVEL_TOUCH_ENTRY,4536.29,SWEEP_EXTREME,MEDIUM,DIRECTION_INFERRED_SWEEP_EXTREME_HEURISTIC|M5_UPWARD_SWEEP,True,True,False,0.1,4538.29,4540.29,False,False,,,276.1,375.6,405.0,438.5,1616.2,0.0,0.0,0.0,27.0,78.0,True,False,True,2163.2,0.0,127.0,,True,True,True,True,True,True,False,False,False,False,0,GOOD,GOOD_FAST_REACTION,,DIRECTION_INFERRED_SWEEP_EXTREME_HEURISTIC|M5_UPWARD_SWEEP|FAST_100P_REACTION,,examples/sample_040.html
CONTROL,control_001,XAUUSD,2026-04-16T21:45:00+00:00,MATCHED_RANDOM_CONTROL,OTHER,LONG,MEDIUM,M5,DOWNWARD_SWEEP,4786.75,4786.69,2026-04-16T21:30:00+00:00,RECENT_LOCAL_LOW_TAKEN_AND_REJECTED_OR_STALLED,ROUND_LEVEL_TOUCH_ENTRY,4790.0,ROUND_LEVEL,HIGH,EXPLICIT_ROUND_LEVEL_METADATA,True,True,False,0.1,4788.0,4786.0,False,False,,,2.3,28.6,20.3,83.3,46.9,17.0,,,,,False,False,False,86.3,17.6,60.0,14.0,True,False,False,False,False,False,False,False,False,True,4,MODERATE,GOOD_REACTION_BUT_DIRTY_ACCUMULATION,DIRTY_CHOP_AFTER_ENTRY,EXPLICIT_ROUND_LEVEL_METADATA,,
CONTROL,control_002,XAUUSD,2026-03-31T18:15:00+00:00,MATCHED_RANDOM_CONTROL,OTHER,SHORT,HIGH,M5,UPWARD_SWEEP,4623.99,4625.46,2026-03-31T18:15:00+00:00,RECENT_LOCAL_HIGH_TAKEN_AND_REJECTED_OR_STALLED,ROUND_LEVEL_TOUCH_ENTRY,4610.0,ROUND_LEVEL,HIGH,EXPLICIT_ROUND_LEVEL_METADATA,True,True,False,0.1,4612.0,4614.0,True,True,0.0,0.0,-50.9,17.9,-102.8,-44.1,-645.4,,,,,,False,False,False,30.5,661.5,56.0,227.0,False,False,False,False,False,False,False,False,False,True,10,POOR,FAST_SL_20,DIRTY_CHOP_AFTER_ENTRY,EXPLICIT_ROUND_LEVEL_METADATA|SL20_BEFORE_50P,,
CONTROL,control_003,XAUUSD,2026-04-10T20:45:00+00:00,MATCHED_RANDOM_CONTROL,OTHER,LONG,MEDIUM,M5,DOWNWARD_SWEEP,4759.02,4758.26,2026-04-10T20:35:00+00:00,RECENT_LOCAL_LOW_TAKEN_AND_REJECTED_OR_STALLED,ROUND_LEVEL_TOUCH_ENTRY,4760.0,ROUND_LEVEL,HIGH,EXPLICIT_ROUND_LEVEL_METADATA,True,True,False,0.1,4758.0,4756.0,True,True,17.0,18.0,46.6,-1.1,35.9,67.3,-2.6,5.0,47.0,,,,False,True,True,131.6,90.0,53.0,20.0,True,True,False,False,False,True,True,True,False,True,6,GOOD,GOOD_SLOW_REACTION,DIRTY_CHOP_AFTER_ENTRY|RETURNED_TO_ENTRY_AFTER_100_PIPS,EXPLICIT_ROUND_LEVEL_METADATA|SLOW_100P_REACTION,,
CONTROL,control_004,XAUUSD,2026-04-08T17:00:00+00:00,MATCHED_RANDOM_CONTROL,OTHER,LONG,HIGH,M5,DOWNWARD_SWEEP,4771.41,4767.6,2026-04-08T16:55:00+00:00,RECENT_LOCAL_LOW_TAKEN_AND_REJECTED_OR_STALLED,ROUND_LEVEL_TOUCH_ENTRY,4780.0,ROUND_LEVEL,HIGH,EXPLICIT_ROUND_LEVEL_METADATA,True,True,False,0.1,4778.0,4776.0,True,True,0.0,19.0,69.5,43.0,-168.1,-361.1,-449.8,0.0,3.0,,,,True,False,True,119.5,518.0,7.0,240.0,True,True,False,False,False,True,True,True,False,False,1,GOOD,FAST_SL_20,RETURNED_TO_ENTRY_AFTER_100_PIPS,EXPLICIT_ROUND_LEVEL_METADATA|SL20_BEFORE_50P|FAST_100P_REACTION,,
CONTROL,control_005,XAUUSD,2026-05-14T16:45:00+00:00,MATCHED_RANDOM_CONTROL,OTHER,LONG,HIGH,M5,DOWNWARD_SWEEP,4681.72,4680.44,2026-05-14T16:35:00+00:00,RECENT_LOCAL_LOW_TAKEN_AND_REJECTED_OR_STALLED,ROUND_LEVEL_TOUCH_ENTRY,4680.0,ROUND_LEVEL,HIGH,EXPLICIT_ROUND_LEVEL_METADATA,True,True,False,0.1,4678.0,4676.0,True,True,0.0,0.0,74.4,35.2,93.1,75.9,3.0,2.0,4.0,,,,True,False,True,210.0,96.8,37.0,171.0,True,True,False,False,False,True,True,True,False,False,2,GOOD,FAST_SL_20,RETURNED_TO_ENTRY_AFTER_100_PIPS,EXPLICIT_ROUND_LEVEL_METADATA|SL20_BEFORE_50P|FAST_100P_REACTION,,
CONTROL,control_006,XAUUSD,2026-05-04T21:00:00+00:00,MATCHED_RANDOM_CONTROL,OTHER,LONG,MEDIUM,M5,DOWNWARD_SWEEP,4521.59,4521.13,2026-05-04T21:00:00+00:00,RECENT_LOCAL_LOW_TAKEN_AND_REJECTED_OR_STALLED,ROUND_LEVEL_TOUCH_ENTRY,4520.0,ROUND_LEVEL,HIGH,EXPLICIT_ROUND_LEVEL_METADATA,True,True,False,0.1,4518.0,4516.0,True,True,19.0,23.0,37.8,-10.7,-82.5,-45.6,29.2,3.0,,,,,False,False,True,71.5,101.5,98.0,27.0,True,False,False,False,False,False,False,False,False,True,3,MODERATE,GOOD_REACTION_BUT_DIRTY_ACCUMULATION,DIRTY_CHOP_AFTER_ENTRY,EXPLICIT_ROUND_LEVEL_METADATA,,
CONTROL,control_007,XAUUSD,2026-04-27T20:15:00+00:00,MATCHED_RANDOM_CONTROL,OTHER,LONG,MEDIUM,M5,DOWNWARD_SWEEP,4671.66,4668.19,2026-04-27T20:15:00+00:00,RECENT_LOCAL_LOW_TAKEN_AND_REJECTED_OR_STALLED,ROUND_LEVEL_TOUCH_ENTRY,4680.0,ROUND_LEVEL,HIGH,EXPLICIT_ROUND_LEVEL_METADATA,True,True,False,0.1,4678.0,4676.0,True,True,0.0,0.0,-94.0,2.6,34.3,12.2,8.6,18.0,,,,,False,False,False,61.6,118.1,20.0,3.0,True,False,False,False,False,False,False,False,False,True,3,MODERATE,FAST_SL_20,DIRTY_CHOP_AFTER_ENTRY,EXPLICIT_ROUND_LEVEL_METADATA|SL20_BEFORE_50P,,
CONTROL,control_008,XAUUSD,2026-04-06T19:00:00+00:00,MATCHED_RANDOM_CONTROL,OTHER,LONG,HIGH,M1,DOWNWARD_SWEEP,4653.55,4651.84,2026-04-06T18:39:00+00:00,RECENT_LOCAL_LOW_TAKEN_AND_REJECTED_OR_STALLED,ROUND_LEVEL_TOUCH_ENTRY,4670.0,ROUND_LEVEL,HIGH,EXPLICIT_ROUND_LEVEL_METADATA,True,True,False,0.1,4668.0,4666.0,True,True,2.0,3.0,-33.9,0.9,-38.9,-120.9,-145.9,,,,,,False,False,False,26.5,245.3,17.0,197.0,False,False,False,False,False,False,False,False,False,False,2,POOR,FAST_SL_20,,EXPLICIT_ROUND_LEVEL_METADATA|SL20_BEFORE_50P,,
CONTROL,control_009,XAUUSD,2026-05-12T11:30:00+00:00,MATCHED_RANDOM_CONTROL,NEW_YORK,LONG,HIGH,M5,DOWNWARD_SWEEP,4699.22,4697.11,2026-05-12T11:15:00+00:00,RECENT_LOCAL_LOW_TAKEN_AND_REJECTED_OR_STALLED,ROUND_LEVEL_TOUCH_ENTRY,4700.0,ROUND_LEVEL,HIGH,EXPLICIT_ROUND_LEVEL_METADATA,True,True,False,0.1,4698.0,4696.0,True,True,44.0,74.0,5.6,60.5,22.6,33.2,-65.0,15.0,,,,,False,False,True,92.1,148.3,207.0,130.0,True,False,False,False,False,False,False,False,False,True,12,CHOP,GOOD_REACTION_BUT_DIRTY_ACCUMULATION,DIRTY_CHOP_AFTER_ENTRY,EXPLICIT_ROUND_LEVEL_METADATA,,
CONTROL,control_010,XAUUSD,2026-03-27T13:45:00+00:00,MATCHED_RANDOM_CONTROL,NEW_YORK,SHORT,HIGH,M5,UPWARD_SWEEP,4417.22,4419.54,2026-03-27T13:35:00+00:00,RECENT_LOCAL_HIGH_TAKEN_AND_REJECTED_OR_STALLED,ROUND_LEVEL_TOUCH_ENTRY,4420.0,ROUND_LEVEL,HIGH,EXPLICIT_ROUND_LEVEL_METADATA,True,True,False,0.1,4422.0,4424.0,True,True,0.0,0.0,-4.1,-35.5,-72.0,-166.1,-1118.8,22.0,,,,,False,False,False,73.8,1352.6,23.0,218.0,True,False,False,False,False,False,False,False,False,True,12,MODERATE,FAST_SL_20,DIRTY_CHOP_AFTER_ENTRY,EXPLICIT_ROUND_LEVEL_METADATA|SL20_BEFORE_50P,,
CONTROL,control_011,XAUUSD,2026-05-08T15:15:00+00:00,MATCHED_RANDOM_CONTROL,NEW_YORK,LONG,MEDIUM,M5,DOWNWARD_SWEEP,4703.68,4702.79,2026-05-08T15:15:00+00:00,RECENT_LOCAL_LOW_TAKEN_AND_REJECTED_OR_STALLED,ROUND_LEVEL_TOUCH_ENTRY,4710.0,ROUND_LEVEL,HIGH,EXPLICIT_ROUND_LEVEL_METADATA,True,True,False,0.1,4708.0,4706.0,True,True,0.0,0.0,-14.2,-15.5,108.9,109.8,33.7,15.0,18.0,75.0,,,False,False,True,395.1,80.9,105.0,210.0,True,True,True,False,False,True,True,True,False,True,3,GOOD,FAST_SL_20,DIRTY_CHOP_AFTER_ENTRY|RETURNED_TO_ENTRY_AFTER_100_PIPS,EXPLICIT_ROUND_LEVEL_METADATA|SL20_BEFORE_50P,,
CONTROL,control_012,XAUUSD,2026-04-30T14:45:00+00:00,MATCHED_RANDOM_CONTROL,NEW_YORK,LONG,HIGH,M5,DOWNWARD_SWEEP,4628.38,4626.82,2026-04-30T14:40:00+00:00,RECENT_LOCAL_LOW_TAKEN_AND_REJECTED_OR_STALLED,ROUND_LEVEL_TOUCH_ENTRY,4630.0,ROUND_LEVEL,HIGH,EXPLICIT_ROUND_LEVEL_METADATA,True,True,False,0.1,4628.0,4626.0,True,True,45.0,45.0,15.1,18.8,19.4,-15.6,-166.9,3.0,74.0,,,,False,True,True,161.0,205.9,90.0,135.0,True,True,False,False,False,True,True,True,False,True,12,CHOP,GOOD_SLOW_REACTION,DIRTY_CHOP_AFTER_ENTRY|RETURNED_TO_ENTRY_AFTER_100_PIPS,EXPLICIT_ROUND_LEVEL_METADATA|SLOW_100P_REACTION,,
CONTROL,control_013,XAUUSD,2026-05-11T11:30:00+00:00,MATCHED_RANDOM_CONTROL,NEW_YORK,LONG,MEDIUM,M5,DOWNWARD_SWEEP,4664.5,4664.21,2026-05-11T11:10:00+00:00,RECENT_LOCAL_LOW_TAKEN_AND_REJECTED_OR_STALLED,ROUND_LEVEL_TOUCH_ENTRY,4670.0,ROUND_LEVEL,HIGH,EXPLICIT_ROUND_LEVEL_METADATA,True,True,False,0.1,4668.0,4666.0,True,True,23.0,30.0,5.6,0.9,-33.1,-137.2,207.7,3.0,231.0,234.0,,,False,True,True,254.3,194.0,234.0,63.0,True,True,True,False,False,True,False,False,False,True,5,MODERATE,GOOD_SLOW_REACTION,DIRTY_CHOP_AFTER_ENTRY,EXPLICIT_ROUND_LEVEL_METADATA|SLOW_100P_REACTION,,
CONTROL,control_014,XAUUSD,2026-04-29T10:30:00+00:00,MATCHED_RANDOM_CONTROL,LONDON,LONG,HIGH,M5,DOWNWARD_SWEEP,4574.38,4569.49,2026-04-29T10:25:00+00:00,RECENT_LOCAL_LOW_TAKEN_AND_REJECTED_OR_STALLED,ROUND_LEVEL_TOUCH_ENTRY,4570.0,ROUND_LEVEL,HIGH,EXPLICIT_ROUND_LEVEL_METADATA,True,True,False,0.1,4568.0,4566.0,True,True,17.0,36.0,69.3,19.0,23.0,-37.6,-51.8,0.0,108.0,,,,False,True,True,108.6,184.9,110.0,140.0,True,True,False,False,False,True,True,True,False,True,15,MODERATE,GOOD_SLOW_REACTION,DIRTY_CHOP_AFTER_ENTRY|RETURNED_TO_ENTRY_AFTER_100_PIPS,EXPLICIT_ROUND_LEVEL_METADATA|SLOW_100P_REACTION,,
CONTROL,control_015,XAUUSD,2026-05-05T08:15:00+00:00,MATCHED_RANDOM_CONTROL,LONDON,SHORT,LOW,M5,UPWARD_SWEEP,4536.61,4537.05,2026-05-05T08:00:00+00:00,RECENT_LOCAL_HIGH_TAKEN_AND_REJECTED_OR_STALLED,ROUND_LEVEL_TOUCH_ENTRY,4540.0,ROUND_LEVEL,HIGH,EXPLICIT_ROUND_LEVEL_METADATA,True,True,False,0.1,4542.0,4544.0,True,True,15.0,19.0,30.7,-17.0,-63.2,-32.5,-163.1,69.0,,,,,False,False,False,63.0,204.5,69.0,233.0,True,False,False,False,False,False,False,False,False,False,1,POOR,FAST_SL_20,,EXPLICIT_ROUND_LEVEL_METADATA|SL20_BEFORE_50P,,
CONTROL,control_016,XAUUSD,2026-04-02T06:00:00+00:00,MATCHED_RANDOM_CONTROL,LONDON,LONG,HIGH,M1,DOWNWARD_SWEEP,4657.89,4655.53,2026-04-02T05:39:00+00:00,RECENT_LOCAL_LOW_TAKEN_AND_REJECTED_OR_STALLED,ROUND_LEVEL_TOUCH_ENTRY,4690.0,ROUND_LEVEL,HIGH,EXPLICIT_ROUND_LEVEL_METADATA,True,True,False,0.1,4688.0,4686.0,True,True,0.0,0.0,-91.0,18.1,-5.2,-119.4,-911.9,21.0,,,,,False,False,False,92.5,1361.6,26.0,191.0,True,False,False,False,False,False,False,False,False,True,8,MODERATE,FAST_SL_20,DIRTY_CHOP_AFTER_ENTRY,EXPLICIT_ROUND_LEVEL_METADATA|SL20_BEFORE_50P,,
CONTROL,control_017,XAUUSD,2026-04-14T09:30:00+00:00,MATCHED_RANDOM_CONTROL,LONDON,SHORT,LOW,M1,UPWARD_SWEEP,4769.31,4769.71,2026-04-14T09:09:00+00:00,RECENT_LOCAL_HIGH_TAKEN_AND_REJECTED_OR_STALLED,ROUND_LEVEL_TOUCH_ENTRY,4770.0,ROUND_LEVEL,HIGH,EXPLICIT_ROUND_LEVEL_METADATA,True,True,False,0.1,4772.0,4774.0,True,True,15.0,16.0,43.4,-23.0,-142.5,-43.0,-136.8,3.0,,,,,False,False,True,56.2,263.5,7.0,38.0,True,False,False,False,False,False,False,False,False,True,3,MODERATE,GOOD_REACTION_BUT_DIRTY_ACCUMULATION,DIRTY_CHOP_AFTER_ENTRY,EXPLICIT_ROUND_LEVEL_METADATA,,
CONTROL,control_018,XAUUSD,2026-04-02T05:15:00+00:00,MATCHED_RANDOM_CONTROL,LONDON,LONG,HIGH,M5,DOWNWARD_SWEEP,4684.86,4678.65,2026-04-02T05:10:00+00:00,RECENT_LOCAL_LOW_TAKEN_AND_REJECTED_OR_STALLED,ROUND_LEVEL_TOUCH_ENTRY,4690.0,ROUND_LEVEL,HIGH,EXPLICIT_ROUND_LEVEL_METADATA,True,True,False,0.1,4688.0,4686.0,True,True,15.0,15.0,29.2,-39.7,-78.6,18.1,-1066.7,0.0,0.0,,,,True,False,True,129.3,1361.6,0.0,236.0,True,True,False,False,False,True,True,True,False,False,2,GOOD,GOOD_FAST_REACTION,RETURNED_TO_ENTRY_AFTER_100_PIPS,EXPLICIT_ROUND_LEVEL_METADATA|FAST_100P_REACTION,,
CONTROL,control_019,XAUUSD,2026-05-08T13:45:00+00:00,MATCHED_RANDOM_CONTROL,NEW_YORK_OPEN,SHORT,MEDIUM,M5,UPWARD_SWEEP,4727.79,4727.89,2026-05-08T13:40:00+00:00,RECENT_LOCAL_HIGH_TAKEN_AND_REJECTED_OR_STALLED,ROUND_LEVEL_TOUCH_ENTRY,4720.0,ROUND_LEVEL,HIGH,EXPLICIT_ROUND_LEVEL_METADATA,True,True,False,0.1,4722.0,4724.0,True,True,0.0,0.0,13.8,-12.8,-36.3,6.7,-23.2,67.0,82.0,,,,False,True,False,172.1,295.1,90.0,195.0,True,True,False,False,False,True,True,True,False,True,5,CHOP,FAST_SL_20,DIRTY_CHOP_AFTER_ENTRY|RETURNED_TO_ENTRY_AFTER_100_PIPS,EXPLICIT_ROUND_LEVEL_METADATA|SL20_BEFORE_50P|SLOW_100P_REACTION,,
CONTROL,control_020,XAUUSD,2026-04-15T13:30:00+00:00,MATCHED_RANDOM_CONTROL,NEW_YORK_OPEN,LONG,HIGH,M5,DOWNWARD_SWEEP,4792.27,4790.35,2026-04-15T13:25:00+00:00,RECENT_LOCAL_LOW_TAKEN_AND_REJECTED_OR_STALLED,ROUND_LEVEL_TOUCH_ENTRY,4800.0,ROUND_LEVEL,HIGH,EXPLICIT_ROUND_LEVEL_METADATA,True,True,False,0.1,4798.0,4796.0,True,True,0.0,0.0,-45.3,23.1,-12.6,75.1,207.1,16.0,76.0,188.0,,,False,True,False,306.3,69.4,227.0,4.0,True,True,True,False,False,True,False,False,False,True,3,CHOP,FAST_SL_20,DIRTY_CHOP_AFTER_ENTRY,EXPLICIT_ROUND_LEVEL_METADATA|SL20_BEFORE_50P|SLOW_100P_REACTION,,
CONTROL,control_021,XAUUSD,2026-03-31T13:15:00+00:00,MATCHED_RANDOM_CONTROL,NEW_YORK_OPEN,LONG,HIGH,M5,DOWNWARD_SWEEP,4555.48,4551.62,2026-03-31T12:55:00+00:00,RECENT_LOCAL_LOW_TAKEN_AND_REJECTED_OR_STALLED,ROUND_LEVEL_TOUCH_ENTRY,4560.0,ROUND_LEVEL,HIGH,EXPLICIT_ROUND_LEVEL_METADATA,True,True,False,0.1,4558.0,4556.0,True,True,0.0,0.0,-31.5,3.7,-186.8,-14.7,512.6,62.0,65.0,84.0,225.0,,False,True,False,653.2,305.1,228.0,25.0,True,True,True,True,False,True,False,False,False,False,2,CHOP,FAST_SL_20,,EXPLICIT_ROUND_LEVEL_METADATA|SL20_BEFORE_50P|SLOW_100P_REACTION,,
CONTROL,control_022,XAUUSD,2026-03-24T14:30:00+00:00,MATCHED_RANDOM_CONTROL,NEW_YORK_OPEN,LONG,HIGH,M5,DOWNWARD_SWEEP,4398.63,4395.94,2026-03-24T14:25:00+00:00,RECENT_LOCAL_LOW_TAKEN_AND_REJECTED_OR_STALLED,ROUND_LEVEL_TOUCH_ENTRY,4370.0,ROUND_LEVEL,HIGH,EXPLICIT_ROUND_LEVEL_METADATA,True,True,False,0.1,4368.0,4366.0,True,True,9.0,9.0,179.7,47.7,30.1,-85.2,483.6,0.0,0.0,0.0,132.0,,True,False,True,638.9,184.8,142.0,71.0,True,True,True,True,False,True,True,True,False,True,7,GOOD,GOOD_FAST_REACTION,DIRTY_CHOP_AFTER_ENTRY|RETURNED_TO_ENTRY_AFTER_100_PIPS,EXPLICIT_ROUND_LEVEL_METADATA|FAST_100P_REACTION,,
CONTROL,control_023,XAUUSD,2026-05-01T13:30:00+00:00,MATCHED_RANDOM_CONTROL,NEW_YORK_OPEN,SHORT,HIGH,M5,UPWARD_SWEEP,4572.67,4576.02,2026-05-01T13:30:00+00:00,RECENT_LOCAL_HIGH_TAKEN_AND_REJECTED_OR_STALLED,ROUND_LEVEL_TOUCH_ENTRY,4570.0,ROUND_LEVEL,HIGH,EXPLICIT_ROUND_LEVEL_METADATA,True,True,False,0.1,4572.0,4574.0,True,True,0.0,0.0,1.1,-4.2,26.0,-26.8,-718.6,31.0,,,,,False,False,False,74.5,901.6,41.0,225.0,True,False,False,False,False,False,False,False,False,True,6,CHOP,FAST_SL_20,DIRTY_CHOP_AFTER_ENTRY,EXPLICIT_ROUND_LEVEL_METADATA|SL20_BEFORE_50P,,
CONTROL,control_024,XAUUSD,2026-04-24T07:15:00+00:00,MATCHED_RANDOM_CONTROL,LONDON_OPEN,LONG,LOW,M5,DOWNWARD_SWEEP,4674.0,4673.88,2026-04-24T06:50:00+00:00,RECENT_LOCAL_LOW_TAKEN_AND_REJECTED_OR_STALLED,ROUND_LEVEL_TOUCH_ENTRY,4660.0,ROUND_LEVEL,HIGH,EXPLICIT_ROUND_LEVEL_METADATA,True,True,False,0.1,4658.0,4656.0,True,False,16.0,,80.8,-8.8,88.2,155.6,304.2,0.0,0.0,84.0,,,True,False,True,353.2,22.6,224.0,16.0,True,True,True,False,False,True,True,True,False,False,2,GOOD,GOOD_FAST_REACTION,RETURNED_TO_ENTRY_AFTER_100_PIPS,EXPLICIT_ROUND_LEVEL_METADATA|FAST_100P_REACTION,,
CONTROL,control_025,XAUUSD,2026-04-07T07:15:00+00:00,MATCHED_RANDOM_CONTROL,LONDON_OPEN,SHORT,MEDIUM,M5,UPWARD_SWEEP,4651.2,4651.28,2026-04-07T07:00:00+00:00,RECENT_LOCAL_HIGH_TAKEN_AND_REJECTED_OR_STALLED,ROUND_LEVEL_TOUCH_ENTRY,4650.0,ROUND_LEVEL,HIGH,EXPLICIT_ROUND_LEVEL_METADATA,True,True,False,0.1,4652.0,4654.0,True,True,15.0,16.0,18.1,-26.7,-118.7,-52.3,-140.8,70.0,71.0,75.0,,,False,True,False,269.0,151.7,75.0,239.0,True,True,True,False,False,True,True,True,False,False,1,POOR,FAST_SL_20,RETURNED_TO_ENTRY_AFTER_100_PIPS,EXPLICIT_ROUND_LEVEL_METADATA|SL20_BEFORE_50P|SLOW_100P_REACTION,,
CONTROL,control_026,XAUUSD,2026-03-23T07:45:00+00:00,MATCHED_RANDOM_CONTROL,LONDON_OPEN,LONG,MEDIUM,M5,DOWNWARD_SWEEP,4320.14,4319.32,2026-03-23T07:45:00+00:00,RECENT_LOCAL_LOW_TAKEN_AND_REJECTED_OR_STALLED,ROUND_LEVEL_TOUCH_ENTRY,4310.0,ROUND_LEVEL,HIGH,EXPLICIT_ROUND_LEVEL_METADATA,True,True,False,0.1,4308.0,4306.0,True,True,7.0,9.0,110.6,-66.9,-122.2,-1127.3,-756.1,0.0,0.0,,,,True,False,True,166.5,2114.7,4.0,97.0,True,True,False,False,False,True,True,True,False,True,3,GOOD,GOOD_FAST_REACTION,DIRTY_CHOP_AFTER_ENTRY|RETURNED_TO_ENTRY_AFTER_100_PIPS,EXPLICIT_ROUND_LEVEL_METADATA|FAST_100P_REACTION,,
CONTROL,control_027,XAUUSD,2026-03-25T08:15:00+00:00,MATCHED_RANDOM_CONTROL,LONDON_OPEN,LONG,HIGH,M5,DOWNWARD_SWEEP,4555.61,4553.84,2026-03-25T07:55:00+00:00,RECENT_LOCAL_LOW_TAKEN_AND_REJECTED_OR_STALLED,ROUND_LEVEL_TOUCH_ENTRY,4550.0,ROUND_LEVEL,HIGH,EXPLICIT_ROUND_LEVEL_METADATA,True,True,False,0.1,4548.0,4546.0,True,True,0.0,0.0,9.4,43.9,-26.9,81.8,28.9,16.0,62.0,,,,False,True,False,178.6,222.0,126.0,213.0,True,True,False,False,False,True,True,True,False,True,7,GOOD,FAST_SL_20,DIRTY_CHOP_AFTER_ENTRY|RETURNED_TO_ENTRY_AFTER_100_PIPS,EXPLICIT_ROUND_LEVEL_METADATA|SL20_BEFORE_50P|SLOW_100P_REACTION,,
CONTROL,control_028,XAUUSD,2026-04-28T07:00:00+00:00,MATCHED_RANDOM_CONTROL,LONDON_OPEN,LONG,MEDIUM,M5,DOWNWARD_SWEEP,4669.53,4669.25,2026-04-28T06:55:00+00:00,RECENT_LOCAL_LOW_TAKEN_AND_REJECTED_OR_STALLED,ROUND_LEVEL_TOUCH_ENTRY,4670.0,ROUND_LEVEL,HIGH,EXPLICIT_ROUND_LEVEL_METADATA,True,True,False,0.1,4668.0,4666.0,True,True,0.0,60.0,-21.4,-3.5,-30.0,-49.1,-429.5,,,,,,False,False,False,12.4,495.5,0.0,235.0,False,False,False,False,False,False,False,False,False,False,0,POOR,FAST_SL_20,,EXPLICIT_ROUND_LEVEL_METADATA|SL20_BEFORE_50P,,
CONTROL,control_029,XAUUSD,2026-03-26T08:15:00+00:00,MATCHED_RANDOM_CONTROL,LONDON_OPEN,LONG,HIGH,M5,DOWNWARD_SWEEP,4418.44,4415.89,2026-03-26T08:15:00+00:00,RECENT_LOCAL_LOW_TAKEN_AND_REJECTED_OR_STALLED,ROUND_LEVEL_TOUCH_ENTRY,4440.0,ROUND_LEVEL,HIGH,EXPLICIT_ROUND_LEVEL_METADATA,True,True,False,0.1,4438.0,4436.0,True,True,0.0,0.0,-45.9,2.3,91.5,75.4,-81.6,25.0,31.0,,,,False,True,False,238.0,275.0,85.0,148.0,True,True,False,False,False,True,True,True,False,True,5,GOOD,FAST_SL_20,DIRTY_CHOP_AFTER_ENTRY|RETURNED_TO_ENTRY_AFTER_100_PIPS,EXPLICIT_ROUND_LEVEL_METADATA|SL20_BEFORE_50P|SLOW_100P_REACTION,,
CONTROL,control_030,XAUUSD,2026-05-12T04:30:00+00:00,MATCHED_RANDOM_CONTROL,ASIA,LONG,MEDIUM,M1,DOWNWARD_SWEEP,4734.02,4733.67,2026-05-12T04:28:00+00:00,RECENT_LOCAL_LOW_TAKEN_AND_REJECTED_OR_STALLED,ROUND_LEVEL_TOUCH_ENTRY,4730.0,ROUND_LEVEL,HIGH,EXPLICIT_ROUND_LEVEL_METADATA,True,True,False,0.1,4728.0,4726.0,True,True,8.0,9.0,22.3,-8.3,6.0,-63.6,-99.6,0.0,,,,,False,False,True,89.1,213.7,2.0,223.0,True,False,False,False,False,False,False,False,False,True,7,CHOP,GOOD_REACTION_BUT_DIRTY_ACCUMULATION,DIRTY_CHOP_AFTER_ENTRY,EXPLICIT_ROUND_LEVEL_METADATA,,
CONTROL,control_031,XAUUSD,2026-04-06T01:00:00+00:00,MATCHED_RANDOM_CONTROL,ASIA,UNKNOWN_DIRECTION,UNKNOWN,,,,,,NO_CLEAR_M5_OR_M1_SWEEP,ROUND_LEVEL_TOUCH_ENTRY,4630.0,ROUND_LEVEL,HIGH,EXPLICIT_ROUND_LEVEL_METADATA,True,True,False,0.1,,,False,False,,,,,,,,,,,,,False,False,False,,,,,False,False,False,False,False,False,False,False,False,False,,UNKNOWN,UNKNOWN_DIRECTION,,UNKNOWN_DIRECTION|EXPLICIT_ROUND_LEVEL_METADATA,DIRECTION_NOT_INFERRED,
CONTROL,control_032,XAUUSD,2026-03-25T05:30:00+00:00,MATCHED_RANDOM_CONTROL,ASIA,LONG,MEDIUM,M5,DOWNWARD_SWEEP,4572.09,4571.14,2026-03-25T05:30:00+00:00,RECENT_LOCAL_LOW_TAKEN_AND_REJECTED_OR_STALLED,ROUND_LEVEL_TOUCH_ENTRY,4570.0,ROUND_LEVEL,HIGH,EXPLICIT_ROUND_LEVEL_METADATA,True,True,False,0.1,4568.0,4566.0,True,True,20.0,31.0,54.8,-5.6,-11.2,35.5,-143.1,0.0,,,,,False,False,True,80.5,367.4,6.0,164.0,True,False,False,False,False,False,False,False,False,True,10,MODERATE,GOOD_REACTION_BUT_DIRTY_ACCUMULATION,DIRTY_CHOP_AFTER_ENTRY,EXPLICIT_ROUND_LEVEL_METADATA,,
CONTROL,control_033,XAUUSD,2026-04-15T03:30:00+00:00,MATCHED_RANDOM_CONTROL,ASIA,LONG,MEDIUM,M5,DOWNWARD_SWEEP,4828.87,4828.37,2026-04-15T03:30:00+00:00,RECENT_LOCAL_LOW_TAKEN_AND_REJECTED_OR_STALLED,ROUND_LEVEL_TOUCH_ENTRY,4830.0,ROUND_LEVEL,HIGH,EXPLICIT_ROUND_LEVEL_METADATA,True,True,False,0.1,4828.0,4826.0,True,True,8.0,124.0,7.6,13.7,67.7,159.3,-47.6,27.0,39.0,46.0,,,False,True,False,414.2,130.6,48.0,155.0,True,True,True,False,False,True,True,True,False,True,4,GOOD,FAST_SL_20,DIRTY_CHOP_AFTER_ENTRY|RETURNED_TO_ENTRY_AFTER_100_PIPS,EXPLICIT_ROUND_LEVEL_METADATA|SL20_BEFORE_50P|SLOW_100P_REACTION,,
CONTROL,control_034,XAUUSD,2026-04-14T03:45:00+00:00,MATCHED_RANDOM_CONTROL,ASIA,SHORT,HIGH,M5,UPWARD_SWEEP,4771.59,4775.82,2026-04-14T03:40:00+00:00,RECENT_LOCAL_HIGH_TAKEN_AND_REJECTED_OR_STALLED,ROUND_LEVEL_TOUCH_ENTRY,4770.0,ROUND_LEVEL,HIGH,EXPLICIT_ROUND_LEVEL_METADATA,True,True,False,0.1,4772.0,4774.0,True,True,12.0,22.0,-14.5,35.0,-46.8,-32.7,-36.6,15.0,,,,,False,False,True,82.0,71.8,73.0,126.0,True,False,False,False,False,False,False,False,False,True,9,CHOP,FAST_SL_20,DIRTY_CHOP_AFTER_ENTRY,EXPLICIT_ROUND_LEVEL_METADATA|SL20_BEFORE_50P,,
CONTROL,control_035,XAUUSD,2026-04-14T01:30:00+00:00,MATCHED_RANDOM_CONTROL,ASIA,UNKNOWN_DIRECTION,UNKNOWN,,,,,,NO_CLEAR_M5_OR_M1_SWEEP,ROUND_LEVEL_TOUCH_ENTRY,4750.0,ROUND_LEVEL,HIGH,EXPLICIT_ROUND_LEVEL_METADATA,True,True,False,0.1,,,False,False,,,,,,,,,,,,,False,False,False,,,,,False,False,False,False,False,False,False,False,False,False,,UNKNOWN,UNKNOWN_DIRECTION,,UNKNOWN_DIRECTION|EXPLICIT_ROUND_LEVEL_METADATA,DIRECTION_NOT_INFERRED,
CONTROL,control_036,XAUUSD,2026-05-13T03:00:00+00:00,MATCHED_RANDOM_CONTROL,ASIA,LONG,MEDIUM,M5,DOWNWARD_SWEEP,4715.4,4714.98,2026-05-13T03:00:00+00:00,RECENT_LOCAL_LOW_TAKEN_AND_REJECTED_OR_STALLED,ROUND_LEVEL_TOUCH_ENTRY,4720.0,ROUND_LEVEL,HIGH,EXPLICIT_ROUND_LEVEL_METADATA,True,True,False,0.1,4718.0,4716.0,True,True,0.0,0.0,37.6,19.0,30.1,-55.9,-239.2,4.0,,,,,False,False,True,70.1,324.3,5.0,175.0,True,False,False,False,False,False,False,False,False,True,4,MODERATE,FAST_SL_20,DIRTY_CHOP_AFTER_ENTRY,EXPLICIT_ROUND_LEVEL_METADATA|SL20_BEFORE_50P,,
CONTROL,control_037,XAUUSD,2026-04-27T08:45:00+00:00,MATCHED_RANDOM_CONTROL,LONDON,LONG,MEDIUM,M5,DOWNWARD_SWEEP,4709.52,4709.02,2026-04-27T08:40:00+00:00,RECENT_LOCAL_LOW_TAKEN_AND_REJECTED_OR_STALLED,ROUND_LEVEL_TOUCH_ENTRY,4710.0,ROUND_LEVEL,HIGH,EXPLICIT_ROUND_LEVEL_METADATA,True,True,False,0.1,4708.0,4706.0,True,True,165.0,175.0,1.6,12.0,34.4,12.8,-76.9,25.0,,,,,False,False,False,84.0,104.5,99.0,225.0,True,False,False,False,False,False,False,False,False,False,2,MODERATE,GOOD_REACTION_BUT_DIRTY_ACCUMULATION,,EXPLICIT_ROUND_LEVEL_METADATA,,
CONTROL,control_038,XAUUSD,2026-04-15T21:45:00+00:00,MATCHED_RANDOM_CONTROL,OTHER,SHORT,LOW,M5,UPWARD_SWEEP,4798.75,4799.22,2026-04-15T21:45:00+00:00,RECENT_LOCAL_HIGH_TAKEN_AND_REJECTED_OR_STALLED,ROUND_LEVEL_TOUCH_ENTRY,4800.0,ROUND_LEVEL,HIGH,EXPLICIT_ROUND_LEVEL_METADATA,True,True,False,0.1,4802.0,4804.0,True,False,6.0,,-6.7,0.0,8.9,32.1,-32.7,73.0,195.0,,,,False,True,False,109.9,34.6,195.0,21.0,True,True,False,False,False,True,True,True,False,True,12,CHOP,FAST_SL_20,DIRTY_CHOP_AFTER_ENTRY|RETURNED_TO_ENTRY_AFTER_100_PIPS,EXPLICIT_ROUND_LEVEL_METADATA|SL20_BEFORE_50P|SLOW_100P_REACTION,,
CONTROL,control_039,XAUUSD,2026-04-28T15:15:00+00:00,MATCHED_RANDOM_CONTROL,NEW_YORK,SHORT,HIGH,M5,UPWARD_SWEEP,4581.64,4586.92,2026-04-28T15:15:00+00:00,RECENT_LOCAL_HIGH_TAKEN_AND_REJECTED_OR_STALLED,ROUND_LEVEL_TOUCH_ENTRY,4580.0,ROUND_LEVEL,HIGH,EXPLICIT_ROUND_LEVEL_METADATA,True,True,False,0.1,4582.0,4584.0,True,True,0.0,1.0,-117.1,58.0,-88.7,34.3,-27.8,10.0,107.0,,,,False,True,True,227.1,201.6,145.0,37.0,True,True,False,False,False,True,True,True,False,True,9,CHOP,FAST_SL_20,DIRTY_CHOP_AFTER_ENTRY|RETURNED_TO_ENTRY_AFTER_100_PIPS,EXPLICIT_ROUND_LEVEL_METADATA|SL20_BEFORE_50P|SLOW_100P_REACTION,,
CONTROL,control_040,XAUUSD,2026-04-15T04:00:00+00:00,MATCHED_RANDOM_CONTROL,ASIA,SHORT,MEDIUM,M5,UPWARD_SWEEP,4837.58,4838.07,2026-04-15T04:00:00+00:00,RECENT_LOCAL_HIGH_TAKEN_AND_REJECTED_OR_STALLED,ROUND_LEVEL_TOUCH_ENTRY,4850.0,ROUND_LEVEL,HIGH,EXPLICIT_ROUND_LEVEL_METADATA,True,True,False,0.1,4852.0,4854.0,True,True,11.0,16.0,178.4,-11.8,40.7,24.4,233.1,0.0,0.0,94.0,,,True,False,True,330.6,214.2,125.0,18.0,True,True,True,False,False,True,True,True,False,True,8,GOOD,GOOD_FAST_REACTION,DIRTY_CHOP_AFTER_ENTRY|RETURNED_TO_ENTRY_AFTER_100_PIPS,EXPLICIT_ROUND_LEVEL_METADATA|FAST_100P_REACTION,,
